DROP DATABASE IF EXISTS vk;
CREATE DATABASE vk;
USE vk;

DROP TABLE IF EXISTS `users`;
CREATE TABLE `users` (
	`id` BIGINT UNSIGNED NOT NULL AUTO_INCREMENT PRIMARY KEY,
	`firstname` VARCHAR(50) NOT NULL,
	`lastname` VARCHAR(50) DEFAULT NULL COMMENT 'Фамилия',
	`email` VARCHAR(120) UNIQUE,
	`password_hash` VARCHAR(100),
	`phone` BIGINT UNSIGNED UNIQUE,
	INDEX users_firstname_lastname_idx(`firstname`, `lastname`)
) COMMENT='Пользователи';

DROP TABLE IF EXISTS `profiles`;
CREATE TABLE `profiles` (
	`user_id` BIGINT UNSIGNED NOT NULL UNIQUE,
	`gender` CHAR(1),
	`birthday` DATE,
	`photo_id` BIGINT UNSIGNED DEFAULT NULL,
	`created_at` DATETIME DEFAULT NOW(),
	`updated_at` DATETIME DEFAULT NULL ON UPDATE CURRENT_TIMESTAMP,
	`hometown` VARCHAR(100) DEFAULT NULL,
	FOREIGN KEY (`user_id`) REFERENCES `users` (`id`) ON UPDATE CASCADE ON DELETE RESTRICT
) COMMENT='Информация о пользователе';

DROP TABLE IF EXISTS `messages`;
CREATE TABLE `messages` (
	`id` SERIAL,
  	`from_user_id` BIGINT UNSIGNED NOT NULL,
  	`to_user_id` BIGINT UNSIGNED NOT NULL,
  	`body` TEXT NOT NULL,
  	`created_at` DATETIME DEFAULT NOW(),
	FOREIGN KEY (`from_user_id`) REFERENCES `users` (`id`),
	FOREIGN KEY (`to_user_id`) REFERENCES `users` (`id`)
);

DROP TABLE IF EXISTS `friend_requests`;
CREATE TABLE `friend_requests` (
	`initiator_user_id` BIGINT UNSIGNED NOT NULL,
	`target_user_id` BIGINT UNSIGNED NOT NULL,
	`status` ENUM('requested','approved','unfriended','declined') DEFAULT NULL,
	`requested_at` DATETIME DEFAULT NOW(),
	`updated_at` DATETIME ON UPDATE CURRENT_TIMESTAMP,
	PRIMARY KEY (`initiator_user_id`,`target_user_id`),
	FOREIGN KEY (`initiator_user_id`) REFERENCES `users` (`id`),
	FOREIGN KEY (`target_user_id`) REFERENCES `users` (`id`)
);

DROP TABLE IF EXISTS `communities`;
CREATE TABLE `communities` (
	`id` SERIAL,
	`name` VARCHAR(150) NOT NULL,
	`admin_user_id` BIGINT UNSIGNED NOT NULL,
	INDEX `communities_name_idx` (`name`),
	FOREIGN KEY (`admin_user_id`) REFERENCES `users` (`id`)
) COMMENT='Сообщества';

DROP TABLE IF EXISTS `users_communities`;
CREATE TABLE `users_communities` (
	`user_id` BIGINT UNSIGNED NOT NULL,
	`community_id` BIGINT UNSIGNED NOT NULL,
	PRIMARY KEY (`user_id`,`community_id`),
	FOREIGN KEY (`user_id`) REFERENCES `users` (`id`),
	FOREIGN KEY (`community_id`) REFERENCES `communities` (`id`)
);

DROP TABLE IF EXISTS `media_types`;
CREATE TABLE `media_types` (
	`id` SERIAL,
	`name` VARCHAR(255) NOT NULL,
	`created_at` DATETIME DEFAULT NOW(),
	`updated_at` DATETIME ON UPDATE CURRENT_TIMESTAMP
);

DROP TABLE IF EXISTS `media`;
CREATE TABLE `media` (
	`id` SERIAL,
	`media_type_id` BIGINT UNSIGNED NOT NULL,
	`user_id` BIGINT UNSIGNED NOT NULL,
	`body` TEXT DEFAULT NULL,
	`filename` VARCHAR(255) NOT NULL,
	`size` INT DEFAULT NULL,
	`metadata` JSON,
	`created_at` DATETIME DEFAULT NOW(),
  	`updated_at` DATETIME DEFAULT CURRENT_TIMESTAMP ON UPDATE CURRENT_TIMESTAMP,
	FOREIGN KEY (`user_id`) REFERENCES `users` (`id`),
	FOREIGN KEY (`media_type_id`) REFERENCES `media_types` (`id`)
);

DROP TABLE IF EXISTS `likes`;
CREATE TABLE `likes` (
	`id` SERIAL,
    `user_id` BIGINT UNSIGNED NOT NULL,
    `media_id` BIGINT UNSIGNED DEFAULT NULL,
    created_at DATETIME DEFAULT NOW(),
    FOREIGN KEY (`user_id`) REFERENCES `users` (`id`),
    FOREIGN KEY (`media_id`) REFERENCES `media` (`id`)
);

DROP TABLE IF EXISTS `photo_albums`;
CREATE TABLE `photo_albums` (
	`id` SERIAL,
	`name` VARCHAR(255) NOT NULL,
	`user_id` BIGINT UNSIGNED DEFAULT NULL,
	PRIMARY KEY (`id`),
	FOREIGN KEY (`user_id`) REFERENCES `users` (`id`)
);

DROP TABLE IF EXISTS `photos`;
CREATE TABLE `photos` (
	`id` SERIAL,
	`album_id` BIGINT UNSIGNED DEFAULT NULL,
	`media_id` BIGINT UNSIGNED NOT NULL,
	PRIMARY KEY (`id`),
	FOREIGN KEY (`album_id`) REFERENCES `photo_albums` (`id`),
	FOREIGN KEY (`media_id`) REFERENCES `media` (`id`)
);

-- ПРАКТИЧЕСКОЕ ЗАДАНИЕ.

-- Добавим внешний ключ для фотографии в профиле.

ALTER TABLE `profiles` 
ADD CONSTRAINT `profiles_fk_1`
FOREIGN KEY (`photo_id`) REFERENCES `media` (`id`);

-- Добавим проверку в таблицу friend_requests, чтобы пользователь сам себе не отправил запрос в друзья.

ALTER TABLE `friend_requests` 
ADD CHECK(`initiator_user_id` <> `target_user_id`);

-- Добавим проверку в таблицу messages, чтобы пользователь сам себе не отправил сообщение.

ALTER TABLE `messages` 
ADD CHECK(`from_user_id` <> `to_user_id`);

-- В таблицы photo_albums и  photos добавим поля created_at и update_at`:

ALTER TABLE `photo_albums`
ADD `created_at` DATETIME DEFAULT NOW();

ALTER TABLE `photo_albums`
ADD `update_at` DATETIME DEFAULT CURRENT_TIMESTAMP ON UPDATE CURRENT_TIMESTAMP;

ALTER TABLE `photos`
ADD `created_at` DATETIME DEFAULT NOW();

ALTER TABLE `photos`
ADD `update_at` DATETIME DEFAULT CURRENT_TIMESTAMP ON UPDATE CURRENT_TIMESTAMP;

-- Добавим таблицу для хранения постов.

DROP TABLE IF EXISTS `posts`;
CREATE TABLE `posts` (
	`id` SERIAL,
	`author_id` BIGINT UNSIGNED NOT NULL,
	`name` VARCHAR(255) NOT NULL,
	`body_text` TEXT NOT NULL,
	`created_at` DATETIME DEFAULT NOW(),
	`updated_at` DATETIME DEFAULT CURRENT_TIMESTAMP ON UPDATE CURRENT_TIMESTAMP,
	`connected_photo_id` BIGINT UNSIGNED DEFAULT NULL,
	`connected_media_id` BIGINT UNSIGNED DEFAULT NULL,
	PRIMARY KEY (`id`),
	FOREIGN KEY (`author_id`) REFERENCES `users` (`id`),
	FOREIGN KEY (`connected_photo_id`) REFERENCES `photos` (`id`),
	FOREIGN KEY (`connected_media_id`) REFERENCES `media` (`id`)
) COMMENT='Посты пользователей';

-- Добавим возможность использования лайков для постов.

ALTER TABLE `likes`
ADD `post_id` BIGINT UNSIGNED DEFAULT NULL;

ALTER TABLE `likes`
ADD CONSTRAINT `likes_fk_3`
FOREIGN KEY (`post_id`) REFERENCES `posts` (`id`);

-- Можно также создать таблицу постов конкретного пользователя.

DROP TABLE IF EXISTS `user posts`;
CREATE TABLE `user_posts` (
	`user_id` BIGINT UNSIGNED NOT NULL,
	`post_id` BIGINT UNSIGNED NOT NULL,
	PRIMARY KEY (`user_id`, `post_id`),
	FOREIGN KEY (`user_id`) REFERENCES `users` (`id`),
	FOREIGN KEY (`post_id`) REFERENCES `posts` (`id`)
);

-- Создадим таблицу комментариев к постам и фото.

DROP TABLE IF EXISTS `comments`;
CREATE TABLE `comments` (
	`id` SERIAL,
	`author_id` BIGINT UNSIGNED NOT NULL,
	`body_text` TEXT NOT NULL,
	`created_at` DATETIME DEFAULT NOW(),
	`updated_at` DATETIME DEFAULT CURRENT_TIMESTAMP ON UPDATE CURRENT_TIMESTAMP,
	`post_id` BIGINT UNSIGNED DEFAULT NULL,
	`photo_id` BIGINT UNSIGNED DEFAULT NULL,
	FOREIGN KEY (`author_id`) REFERENCES `users` (`id`),
	FOREIGN KEY (`post_id`) REFERENCES `posts` (`id`),
	FOREIGN KEY (`photo_id`) REFERENCES `photos` (`id`)
) COMMENT='Комментарии пользователей';

-- Загрузим в базу данных автоматически сгенерированные данные.

INSERT INTO `users` VALUES
('101', 'Jesus', 'O\'Kon', 'mwolff@example.org', '403f30c6fcfd002d8834e48d856589d5223b3acc', '1'),
('103', 'Ernestina', 'Price', 'snikolaus@example.com', 'e79d0785a317966d8b9d521fb98d3d9720153fb0', '465'),
('104', 'Madelynn', 'Windler', 'hand.candice@example.org', '86d1305fdd726daf2daa9e205072d1b1e4e35c07', '0'),
('105', 'Wilfrid', 'Homenick', 'ahmad.schumm@example.org', '7f8c3862db6244b99c3dcd3a758c64bd5b51e02c', '580'),
('106', 'Jean', 'Leffler', 'russ71@example.org', '196d7186114d12cd739c9b24126fa323c5530600', '55896'),
('107', 'Madelyn', 'Bode', 'xkunze@example.com', '5414cd1578a071de1cb09763d83411fb3507c121', '108059'),
('108', 'Payton', 'Eichmann', 'tpollich@example.net', '23e44d9e9a8efaf148bee37fc4eaf203e432aaad', '825'),
('109', 'Ron', 'Johnson', 'nreinger@example.com', 'ba00b64ba8c2efac43dd1e3ce05734fa190b8343', '74'),
('111', 'Emanuel', 'Toy', 'ihauck@example.com', '5788a38ff5f8c4ea421410a363e8cff66d63d138', '747608'),
('122', 'Lorine', 'Abernathy', 'gfeil@example.org', 'd4f9a94b65f845b5a285c7b1873fbd936a7e4f3f', '34'),
('123', 'Ova', 'Treutel', 'sylvia.doyle@example.com', 'd1a66aa1d3a03bac3d100fe572dd8eea6b9b332f', '283888'),
('127', 'Lucio', 'Bayer', 'anissa.braun@example.com', 'ef6877abf5935abd2bbbe5eeeeff6452af43b3f7', '687'),
('128', 'Hilton', 'Ward', 'barrows.judge@example.net', '7a62943b9e10b9ae297d91e0c751cf44c8b0d129', '638'),
('134', 'Alivia', 'Fadel', 'darion.stanton@example.com', '1f8af811a2bb87b1654b6fcee1770d9c35311d66', '6606260113'),
('136', 'Terry', 'Hayes', 'osinski.thalia@example.com', '6ccbc919e032f08e9659a8107f6ca93a26bd5ac9', '766'),
('138', 'Nicola', 'Mann', 'mrodriguez@example.org', '397582e86b17ae38d27b50297bd20687ef4d89f8', '104'),
('139', 'Elwyn', 'Kris', 'qstracke@example.com', 'f9ada66fa3ba43aa60de439347848dfd00d4dfb7', '365624'),
('146', 'Jake', 'Borer', 'crist.eladio@example.org', '21df9a4439a9bd45a65c21de0886e3f885e04325', '247'),
('147', 'Ellsworth', 'Torphy', 'kub.helga@example.org', '971472b05287d70435a678479252c9cfbb579862', '96'),
('149', 'Rodger', 'Kuphal', 'ruby.marvin@example.net', '598dc3b6762783eef1889e8cc000bd1a2b793bd9', '767'),
('150', 'Maryjane', 'Trantow', 'myrl82@example.net', '7fd5ea87688cb046258257a4e5ed2bd2c983c943', '6782470742'),
('151', 'Bridie', 'Schroeder', 'rebecca.littel@example.com', '54adc1c93d0a003c76d8b179765672d97080de7c', '942191'),
('152', 'Elvera', 'Kihn', 'ambrose.hilpert@example.net', 'f82fc328ea99d52f6e0d9ab88db02f9802bcb704', '7005203610'),
('153', 'Noemie', 'Schultz', 'wyman.friedrich@example.com', '10f1292f70efb566f4811ef458053d1c58f3384f', '16'),
('156', 'Diego', 'Batz', 'tblick@example.com', 'c6ce68dd9279cc410aaa4948e07fe6fbe3e00b02', '542'),
('157', 'Raymond', 'Von', 'harry82@example.com', '2c1ae3f7f45ede7cc420d85f6f0d3fb5bb7f9a65', '711109'),
('158', 'Maybelle', 'Hermiston', 'vandervort.nettie@example.org', 'c8cad540c2c3d5f0d89814aa6957c9de09ac4589', '992972141'),
('160', 'Hulda', 'Emard', 'rosella.kuvalis@example.com', '5d50534a81a2b8defc918b15c8bf5e362a5638ae', '589'),
('161', 'Abbigail', 'Kunde', 'wthompson@example.net', 'de66852e67dfee11008fe9d1d3e8c20d8e54f58a', '918'),
('162', 'Melba', 'Beatty', 'amaya.erdman@example.com', 'f928c45bd0ad723f56b3c0c261e4be48571d5d95', '185'),
('164', 'Maximus', 'Hodkiewicz', 'weissnat.bethel@example.org', '327ce5043059773ba849f401169d719de58826b0', '888316'),
('165', 'Dylan', 'Berge', 'nikko.schmeler@example.com', 'a432ff59faf725c10f01e50c44174cac8876f112', '6033698969'),
('166', 'Harrison', 'Skiles', 'candelario.bernier@example.net', 'c894d0b28e04661f75c76d910b957704e623f42b', '980692'),
('168', 'Breanna', 'Friesen', 'wosinski@example.com', 'e8c948d5771a086fd05d91f7973847f213635b8f', '1229390848'),
('169', 'Shawn', 'Krajcik', 'torphy.tiffany@example.org', '23bf6f50bd014876f85b12011a6bd1d18403dc4b', '316'),
('170', 'Abdiel', 'Schaden', 'zieme.hillary@example.org', '6a7b0ea02955b6deac8a6814892b24d127f24f37', '2874518471'),
('171', 'Lacey', 'Jast', 'wrunte@example.net', '1ef4d7eae20f0ed89c73b0d4d682bbcaafce8b34', '655'),
('172', 'Samara', 'Johnson', 'jadyn27@example.org', '136092b19bb11eadef2512b5197ff11b3eb53326', '779'),
('173', 'Loyce', 'Dickinson', 'senger.selmer@example.org', '78fa898763e9eb3d4ed1adf5bf8ddc3c26b10482', '726096393'),
('174', 'Franco', 'Hagenes', 'jodie53@example.net', '0984872d99cad0b981b6585831e7677893222651', '65'),
('175', 'Sunny', 'Cronin', 'brenden00@example.net', '9b5ae474bb27ec7bb9deacacf6aa406b26de1005', '786585'),
('177', 'D\'angelo', 'Jacobson', 'ebechtelar@example.com', 'b1c17189b8a35ee84bfcc779f50051636d2c4a14', '348'),
('180', 'Bertram', 'Trantow', 'rohan.levi@example.com', 'efc1b151a239416f5c0774798c5b0691c094667b', '660'),
('181', 'Marilie', 'Stamm', 'misty.corkery@example.net', 'f306a6d42b9129803dcdfc30c39dee7b5cb3b96d', '436'),
('184', 'Geovanni', 'Ward', 'xbeier@example.net', 'd4aa7bd529d1d1c1f4422db0ae561b5dc43c580d', '69'),
('185', 'Garnett', 'Prohaska', 'eliezer24@example.net', '5784e4eae7de03e7eba684134069b1a4bfcb611b', '699199'),
('188', 'Ivory', 'Murray', 'lydia.oberbrunner@example.com', 'ce40905f97deba0ea39dfa3194e4b228d68d2c13', '872183'),
('190', 'Hans', 'Fahey', 'ramon17@example.com', 'd3493cef40ad90ce47b51c0147ee9380759d9a2b', '563618'),
('191', 'Genoveva', 'Cruickshank', 'toy.monroe@example.com', 'a12226008e4a2bd973b728da858d0e67241bc240', '344248'),
('194', 'Willow', 'Kshlerin', 'myra.halvorson@example.org', 'a6d125282712715627426ee9cd21b446e4ce0a79', '8659202985'),
('195', 'Danielle', 'Barrows', 'raymundo64@example.com', 'bcba7a1f144f9717b1a15e93f9d6b8184823a3b4', '4736088408'),
('196', 'Flavio', 'Hilll', 'hrunolfsdottir@example.net', '408773538cc66537117e5422e591b1c1cc4fa877', '4602173442'),
('197', 'Leif', 'Hudson', 'schinner.frankie@example.org', '0e3cc9ee03fca02c0cf5c59ffd52ef6acfb89eed', '730344'),
('198', 'Zachery', 'Kling', 'lupe.rath@example.net', 'acb3f5a0880d8d3a11cd5dae03344adfaa85a9dc', '416473'),
('199', 'Hailie', 'Heller', 'carmine81@example.net', 'd875e8fc6142d14e3bd756d1835f1662fbc17fdb', '488');

INSERT INTO `media_types` VALUES
('1', 'aliquid', '2007-03-03 03:34:36', '1988-09-20 20:09:38'),
('2', 'totam', '2015-05-20 07:39:13', '2019-07-22 07:24:00'),
('3', 'adipisci', '1978-03-02 15:02:47', '1991-05-19 07:20:02'),
('4', 'itaque', '2012-01-23 13:14:53', '1975-05-15 22:41:28'),
('5', 'temporibus', '2016-10-28 03:20:07', '1986-07-20 08:03:18'),
('6', 'facere', '1985-09-03 09:14:55', '2018-11-17 00:34:28'),
('7', 'dolore', '1995-10-10 08:39:14', '1978-08-04 05:59:35'),
('8', 'eius', '2014-07-17 04:52:12', '1995-08-16 13:59:20'),
('9', 'corporis', '1995-12-12 02:29:35', '1993-12-13 17:43:58'),
('10', 'est', '1972-03-13 03:40:19', '2019-10-23 06:48:48'),
('11', 'delectus', '2013-03-17 23:49:13', '2013-01-27 00:02:07'),
('12', 'officiis', '1991-12-22 01:15:22', '1979-11-11 12:19:13'),
('13', 'eum', '2010-06-17 20:52:11', '1998-11-02 00:36:26'),
('14', 'libero', '2005-10-07 07:58:02', '1997-12-24 09:19:06'),
('15', 'suscipit', '2013-09-13 07:40:17', '1984-10-26 09:39:55'),
('16', 'harum', '1991-05-31 03:35:08', '2010-05-17 09:07:12'),
('17', 'dicta', '1995-04-04 21:15:10', '1990-10-17 10:18:48'),
('18', 'doloremque', '1971-09-15 06:37:37', '2017-10-08 11:06:39'),
('19', 'eum', '2019-09-29 04:36:40', '1989-05-24 03:40:01'),
('20', 'reiciendis', '1995-11-15 02:43:55', '1977-08-29 11:15:51'),
('21', 'in', '1977-10-01 01:48:13', '1994-05-26 22:25:16'),
('22', 'culpa', '1972-07-24 11:56:22', '1998-05-18 01:19:27'),
('23', 'cupiditate', '1980-05-16 07:50:49', '2004-10-05 20:18:39'),
('24', 'id', '1988-04-10 13:16:37', '1972-12-22 23:14:49'),
('25', 'atque', '1983-09-20 19:59:31', '1972-12-17 06:08:56'),
('26', 'incidunt', '2011-02-25 01:38:10', '1975-05-31 02:53:45'),
('27', 'et', '1998-02-20 13:56:45', '1999-01-01 10:19:39'),
('28', 'porro', '1994-03-31 17:55:39', '1987-04-11 21:20:37'),
('29', 'iure', '2011-09-20 16:28:02', '2015-09-22 21:18:30'),
('30', 'odio', '2017-02-25 15:56:37', '1997-03-24 10:56:44'),
('31', 'sed', '2018-03-09 01:54:05', '1980-07-03 22:30:20'),
('32', 'sed', '1971-01-29 13:07:05', '1981-01-05 07:07:20'),
('33', 'rerum', '1995-07-21 19:08:29', '2014-01-08 02:36:54'),
('34', 'molestiae', '2017-04-02 03:06:34', '2009-03-05 01:41:12'),
('35', 'et', '2012-03-11 19:49:14', '2019-12-11 22:02:48'),
('36', 'id', '1978-02-21 16:44:07', '2009-09-01 18:30:25'),
('37', 'nostrum', '1985-01-17 15:37:45', '1971-08-30 00:11:04'),
('38', 'deserunt', '1986-01-29 05:37:59', '2019-05-14 12:48:30'),
('39', 'doloremque', '1998-04-11 17:30:56', '1972-06-07 00:56:35'),
('40', 'voluptatem', '1992-10-04 19:41:28', '1982-01-19 06:28:54'),
('41', 'autem', '1989-09-02 11:15:25', '1987-02-09 20:44:20'),
('42', 'architecto', '2014-06-16 06:47:55', '1982-02-13 21:14:49'),
('43', 'placeat', '2002-11-23 12:53:10', '2021-03-04 09:50:40'),
('44', 'iste', '2011-01-06 10:46:56', '1998-08-23 07:59:23'),
('45', 'illum', '1998-04-10 04:58:43', '2016-07-26 17:38:43'),
('46', 'magnam', '2003-10-10 08:06:42', '2020-06-20 17:32:07'),
('47', 'natus', '2020-02-11 10:23:15', '1989-08-08 11:51:15'),
('48', 'dolores', '2019-03-23 10:27:40', '2020-08-09 12:04:33'),
('49', 'aut', '2014-10-07 19:56:32', '2012-07-17 08:11:31'),
('50', 'expedita', '2020-02-17 18:57:43', '2007-07-07 22:17:37'),
('51', 'quo', '1990-12-21 09:51:39', '2000-12-27 23:29:54'),
('52', 'ex', '2017-10-31 17:12:04', '2017-12-18 10:53:27'),
('53', 'alias', '1979-10-11 07:15:00', '1985-03-08 03:49:42'),
('54', 'velit', '1976-01-25 19:49:37', '1971-07-04 06:16:15'),
('55', 'nihil', '1998-02-25 05:16:43', '1984-09-13 20:41:08'),
('56', 'quidem', '2020-12-17 04:23:31', '2003-12-16 02:38:37'),
('57', 'quis', '1989-03-21 11:41:46', '1988-09-29 06:00:43'),
('58', 'modi', '2003-08-29 18:41:46', '1984-05-09 02:20:44'),
('59', 'omnis', '1997-10-14 02:23:49', '2010-08-12 00:05:14'),
('60', 'omnis', '1976-03-07 09:08:48', '2000-11-07 21:02:02'),
('61', 'velit', '1997-08-21 07:56:59', '1989-04-15 06:06:18'),
('62', 'porro', '2003-06-15 18:40:34', '1976-01-25 00:08:03'),
('63', 'cupiditate', '1996-07-15 01:52:10', '1989-09-25 09:53:40'),
('64', 'nulla', '2003-03-06 15:32:53', '1993-02-18 03:12:16'),
('65', 'molestiae', '2005-12-25 06:46:36', '1985-08-06 17:31:49'),
('66', 'magnam', '2020-04-17 18:49:37', '1984-09-27 15:32:19'),
('67', 'sequi', '2011-04-10 20:41:06', '2004-01-31 06:14:29'),
('68', 'quae', '2006-08-26 22:50:52', '2019-05-12 21:39:23'),
('69', 'laboriosam', '1973-12-21 12:39:48', '2002-02-21 04:21:03'),
('70', 'delectus', '2014-05-31 01:08:35', '1977-06-15 06:08:57'),
('71', 'est', '2020-12-19 05:27:28', '1978-08-08 09:42:57'),
('72', 'rerum', '1979-06-03 22:17:42', '1997-04-13 01:14:05'),
('73', 'iure', '2017-04-18 07:38:45', '2017-11-03 06:21:26'),
('74', 'et', '1971-12-02 16:45:57', '2011-04-04 11:09:19'),
('75', 'et', '2017-04-20 10:35:57', '1977-03-22 23:46:18'),
('76', 'ex', '1981-08-19 04:57:47', '1998-04-12 06:19:57'),
('77', 'et', '1992-07-03 10:23:43', '1982-07-06 02:11:51'),
('78', 'nulla', '1994-03-14 14:43:07', '1995-04-20 21:22:44'),
('79', 'id', '2002-10-02 11:51:22', '2013-07-28 23:57:06'),
('80', 'saepe', '1975-10-13 21:46:14', '1984-03-06 17:56:36'),
('81', 'ipsam', '2015-11-28 18:03:29', '2003-10-08 00:27:57'),
('82', 'alias', '1997-01-12 07:33:35', '2018-08-26 01:09:00'),
('83', 'omnis', '2018-06-20 18:42:03', '1984-11-25 00:43:53'),
('84', 'provident', '1989-05-14 02:03:13', '2018-10-19 17:34:29'),
('85', 'quis', '1998-06-16 00:05:18', '1985-03-22 07:20:34'),
('86', 'voluptatem', '2009-06-26 09:05:46', '1993-08-18 15:28:03'),
('87', 'officiis', '1973-02-26 05:41:07', '1997-11-06 15:38:29'),
('88', 'nemo', '2008-11-20 21:12:59', '1990-09-09 19:19:36'),
('89', 'voluptatibus', '2012-03-20 02:20:06', '2008-03-31 16:38:03'),
('90', 'et', '2019-01-17 04:54:59', '1975-08-10 15:05:59'),
('91', 'et', '2018-04-10 16:30:26', '1990-12-16 03:34:49'),
('92', 'unde', '2007-06-27 19:37:16', '2004-02-04 18:56:33'),
('93', 'provident', '1985-09-18 09:56:49', '1975-03-02 04:01:03'),
('94', 'omnis', '1982-03-25 21:54:56', '1994-11-25 14:37:03'),
('95', 'amet', '2017-04-25 19:57:05', '2012-11-02 00:56:40'),
('96', 'dolores', '1989-01-05 02:33:55', '2019-02-04 00:03:10'),
('97', 'est', '2006-08-25 01:46:15', '1980-05-09 23:14:39'),
('98', 'cumque', '1972-01-13 02:24:20', '1999-06-29 11:29:10'),
('99', 'et', '2001-02-20 07:57:15', '1979-04-23 20:24:18'),
('100', 'eum', '1994-05-10 04:06:16', '1994-06-01 16:26:02');

INSERT INTO `media` VALUES
('1', '1', '101', 'Quasi sit fuga rerum commodi consectetur. Quam nostrum praesentium minus quia. Dolorem molestias ipsam sunt quis non voluptate.', 'eligendi', 7, NULL, '1971-03-10 12:50:33', '2009-04-29 23:06:06'),
('2', '2', '103', 'Aut suscipit corrupti officia. Sequi perspiciatis dicta officia quasi. Quibusdam culpa quasi et quaerat nihil impedit delectus.', 'in', 437, NULL, '2018-07-02 06:32:52', '2003-01-17 15:35:13'),
('3', '3', '104', 'Et nemo quia et facilis consequuntur. Officiis est sint architecto hic in et.', 'ut', 5, NULL, '2015-05-23 05:24:00', '1979-02-01 11:08:49'),
('4', '4', '105', 'Dolorem hic eligendi et. Laudantium atque et quibusdam quia eligendi ut. Similique quis dolores et laudantium deleniti. Asperiores et et atque hic et non consequatur.', 'veniam', 24338, NULL, '1971-10-04 13:06:41', '1976-01-20 16:12:40'),
('5', '5', '106', 'Voluptatem atque excepturi repellat voluptatem non. Aspernatur minima debitis et vero explicabo. Voluptatem deserunt consequatur nesciunt voluptatem minima rerum vero.', 'quasi', 0, NULL, '2009-07-23 10:27:49', '1994-02-21 09:39:59'),
('6', '6', '107', 'Enim voluptas maxime cupiditate in ut in. Eos accusantium ullam quia in aliquid omnis eaque. Et sed ut saepe vero.', 'numquam', 3, NULL, '1974-12-23 07:11:17', '2015-01-18 20:15:08'),
('7', '7', '108', 'Qui tempora dignissimos a eius fuga debitis. Accusantium eos debitis sit unde vel totam. Saepe labore vitae est temporibus rerum. Est dolor architecto deleniti facere eveniet.', 'est', 72608460, NULL, '1997-03-11 19:05:51', '2001-04-16 10:18:44'),
('8', '8', '109', 'Voluptas et ab et consectetur cumque nisi. Debitis dolorem quae eum ipsa ut architecto id. Et odit ut dicta sed error. Magnam doloremque reiciendis iure repellat.', 'et', 23748536, NULL, '1985-08-28 19:07:16', '2019-06-10 14:02:13'),
('9', '9', '111', 'Animi a repellat mollitia dignissimos voluptatibus eligendi. Qui amet et praesentium et aliquid sed. Animi ullam eos dolorum nisi. Veniam fugit doloribus est placeat sapiente asperiores voluptatem quod.', 'illum', 280831800, NULL, '2015-04-09 13:01:53', '1978-10-15 18:48:54'),
('10', '10', '122', 'Quia consequatur delectus numquam aut perspiciatis maxime. Ut excepturi ut est earum qui. Eaque sunt neque illum et tempora. Dignissimos nulla aliquam aperiam reprehenderit.', 'autem', 399, NULL, '1996-04-10 07:26:00', '2012-03-01 06:36:26'),
('11', '11', '123', 'Accusamus tempore deleniti nihil in. Quibusdam quas ut enim qui. Aspernatur dignissimos consequatur sit facere odio impedit et. Est quasi magni fugit vitae.', 'fugit', 72, NULL, '2006-01-21 05:34:25', '2020-11-09 19:41:15'),
('12', '12', '127', 'Quia hic qui optio ex possimus quisquam aliquam. Molestiae dolor occaecati et quis. Sit provident dignissimos et totam odit repellendus. Et aut sint nulla facere impedit eius.', 'rerum', 69317321, NULL, '1980-09-28 00:14:01', '1973-08-14 15:02:12'),
('13', '13', '128', 'Adipisci incidunt omnis aut voluptates ullam ipsum cupiditate. Sed nam officiis iure provident aut dolores. Quod omnis quidem in itaque quidem cumque sunt. Repudiandae id voluptatem voluptatum. Voluptas earum dolore perspiciatis dolorum sit voluptatem.', 'soluta', 9539278, NULL, '1972-03-24 09:45:16', '1979-04-10 19:01:21'),
('14', '14', '134', 'Excepturi possimus sit nobis quia magni dolorum repellat praesentium. Quo veniam ab officiis dolorem fugit.', 'atque', 74, NULL, '1970-10-13 12:11:23', '1996-07-02 19:37:37'),
('15', '15', '136', 'Distinctio modi ipsa dolore similique in voluptatibus earum blanditiis. Velit possimus esse distinctio veritatis placeat fuga quo. Quasi saepe fugiat reprehenderit dicta recusandae magnam ipsa.', 'illo', 46091969, NULL, '1978-06-16 08:32:01', '2013-04-08 18:02:23'),
('16', '16', '138', 'Est error eligendi voluptatem quaerat dolor. Corrupti qui rem quas eos nesciunt. Eos sit voluptatum sunt quis. Possimus iure et iusto nulla eaque.', 'quas', 0, NULL, '2012-11-13 06:19:56', '2001-06-17 18:17:25'),
('17', '17', '139', 'Fuga quia enim exercitationem. Blanditiis et impedit modi omnis quisquam dignissimos voluptates.', 'minima', 301198323, NULL, '2003-12-24 07:30:09', '1971-11-05 19:53:24'),
('18', '18', '146', 'Quae commodi rem totam recusandae exercitationem. At rerum aut possimus sapiente dicta corporis. Odit similique ad numquam recusandae. Necessitatibus qui in saepe non. Accusantium ratione est et voluptate voluptas.', 'quia', 0, NULL, '1999-04-14 07:38:24', '2007-12-10 14:31:18'),
('19', '19', '147', 'Quos harum ratione quas natus ea ipsa dignissimos. Similique debitis error dolorem voluptates dicta. Itaque explicabo ratione non ut sed qui.', 'et', 0, NULL, '2013-06-02 05:37:54', '1976-01-30 02:32:02'),
('20', '20', '149', 'Et maxime ut voluptatem unde. Quidem ducimus qui nisi qui dolore reprehenderit in voluptatibus. Dicta dicta dolores delectus consequatur vitae.', 'ullam', 84085, NULL, '1976-12-04 23:21:30', '2002-05-06 21:15:31'),
('21', '21', '150', 'Quidem in et corrupti eos qui quam quaerat. Occaecati perferendis deserunt quasi voluptate reiciendis hic quidem dolorum. Et consectetur iste ut voluptates.', 'recusandae', 9, NULL, '1974-10-27 23:01:19', '2019-09-18 23:16:53'),
('22', '22', '151', 'Fuga velit odit iusto dolor in. Quo est est explicabo occaecati dolores. Id dolor sint voluptas quia. Nesciunt omnis laudantium rerum exercitationem ut eum iusto fugit.', 'nulla', 956202, NULL, '1987-10-24 22:56:38', '1991-01-26 05:36:41'),
('23', '23', '152', 'Facilis ipsum aut sint voluptatem odio dolores. Qui facere exercitationem qui eum. Vitae ea blanditiis aut vel praesentium consequuntur qui.', 'labore', 973700370, NULL, '2013-11-02 19:53:01', '2020-07-27 08:22:41'),
('24', '24', '153', 'Mollitia omnis consequatur et odit cum. Necessitatibus ad sed commodi ad iste eum qui. Rem excepturi non aut sunt sapiente qui.', 'quis', 77, NULL, '2000-11-30 21:03:51', '1988-03-22 14:27:17'),
('25', '25', '156', 'Officia sit non totam odit aut. Rerum cupiditate quisquam impedit numquam minima vel dicta. Aliquam id consequatur eum maxime. Quos non qui quae nihil necessitatibus. Voluptatem ad eligendi voluptas.', 'ad', 867737, NULL, '2001-01-15 19:05:26', '1979-10-07 06:16:09'),
('26', '26', '157', 'Sunt voluptas ad molestias earum. Voluptatem id voluptatem autem ut sit. Maxime est culpa molestiae ducimus. Voluptatem consequuntur at nobis vero aliquam ut id culpa.', 'atque', 662837, NULL, '2001-01-29 06:34:16', '1979-08-29 16:48:36'),
('27', '27', '158', 'Vero dignissimos soluta qui dolorem. Expedita accusantium doloremque sit id tempore. Et eius et nobis. Et est minima sit dolore.', 'repellendus', 2, NULL, '1994-12-20 02:15:34', '1994-05-06 04:48:38'),
('28', '28', '160', 'Aut iusto consequatur voluptates cupiditate sit necessitatibus. Nihil sint atque temporibus. Illo qui at voluptatem earum.', 'quas', 16, NULL, '1978-09-02 20:01:12', '1979-12-18 13:35:38'),
('29', '29', '161', 'Et facilis non non velit. Similique inventore quod blanditiis et deleniti temporibus veritatis. Vel corporis voluptas eaque accusantium.', 'iusto', 63, NULL, '2016-03-15 10:40:50', '2016-11-20 14:25:35'),
('30', '30', '162', 'Eligendi non corporis ut. Dignissimos voluptatem quam sunt exercitationem et perspiciatis fugiat. Ipsam sed et qui alias et sed consectetur.', 'voluptates', 8, NULL, '1971-10-20 17:58:09', '1995-11-16 12:55:47'),
('31', '31', '164', 'Possimus earum laborum consectetur ducimus. Dolorem libero expedita rerum sit. Consequuntur sint facilis esse quia.', 'sunt', 157679791, NULL, '2005-02-16 06:10:52', '1981-06-20 12:23:47'),
('32', '32', '165', 'Quaerat doloribus quaerat consequuntur autem deleniti et laborum. Sunt ex sed laborum tempora atque dolor non. Eum quia quia atque sit sit amet sed quam.', 'dolores', 0, NULL, '1974-12-12 05:44:41', '1994-08-14 12:55:15'),
('33', '33', '166', 'Amet consequatur deserunt consectetur voluptatem voluptatem et libero. Adipisci molestiae dolore odit ea vero est provident. Suscipit nostrum id quis praesentium dolorem nisi.', 'eum', 188, NULL, '2013-11-07 12:27:18', '2015-12-07 08:40:48'),
('34', '34', '168', 'Impedit ut sint ratione et. Quidem dignissimos soluta consequatur. Magni quisquam doloribus nam. Autem aut ducimus doloribus et id vero accusamus.', 'in', 0, NULL, '1972-06-04 20:25:13', '1978-06-15 09:21:27'),
('35', '35', '169', 'Accusantium nesciunt ut quidem. Reiciendis in quaerat ipsum sed fuga distinctio. Neque fugiat nesciunt officia consequatur quod qui est omnis. Necessitatibus possimus non qui sint aliquam qui.', 'id', 609962, NULL, '1979-05-01 17:20:21', '1982-05-18 06:59:10'),
('36', '36', '170', 'Quia itaque at ut praesentium voluptas expedita. Aut voluptatem pariatur aperiam natus repellendus. Aliquid minima sed minus neque. Nisi et vitae tenetur voluptas dolorem. Omnis rem et placeat non harum similique tenetur.', 'odit', 91101, NULL, '1977-05-10 22:18:00', '2011-12-25 05:56:44'),
('37', '37', '171', 'Ut dolor velit tempore laboriosam accusantium. Blanditiis non quis sed dolor. Nisi suscipit at aperiam excepturi aut et aut. Provident quod doloremque rerum sit non illo voluptates.', 'occaecati', 2, NULL, '2003-12-29 20:51:36', '2020-09-04 05:50:19'),
('38', '38', '172', 'Omnis ut veniam qui iure. Nam eos eligendi molestias alias laudantium. Eligendi sunt maxime dolore voluptatem voluptatem sunt qui.', 'sint', 61, NULL, '1982-02-22 20:37:00', '1986-08-20 01:45:31'),
('39', '39', '173', 'Alias doloremque eveniet possimus labore exercitationem eos voluptatibus voluptatem. Doloribus amet ab voluptas quia. Ipsa quia nihil ex quo. Iste est animi aperiam praesentium porro fuga accusamus modi. Placeat et iusto vel totam dolorum et numquam.', 'saepe', 981, NULL, '2009-12-09 18:56:15', '1978-12-07 13:56:37'),
('40', '40', '174', 'Autem ea in omnis. Quia quas delectus facere. Error sit saepe harum esse. Quo incidunt repellat est omnis qui fugit.', 'magnam', 7, NULL, '1985-04-07 11:20:21', '1976-04-03 02:57:47'),
('41', '41', '175', 'Sed alias eveniet voluptas et dolor. Voluptatem similique nisi dolores debitis exercitationem aspernatur nemo. Nam voluptas occaecati deleniti quisquam.', 'consequatur', 0, NULL, '2006-03-04 22:40:04', '1970-08-25 07:15:01'),
('42', '42', '177', 'Cum laborum itaque aut aut ducimus. Aut id eum aperiam illum id voluptatem facere. Dolor magni saepe omnis eos molestiae deleniti asperiores.', 'maxime', 0, NULL, '2010-07-21 03:14:40', '1973-10-02 09:30:56'),
('43', '43', '180', 'Amet nihil voluptatem nisi vitae earum sint. Delectus sed vitae nam beatae. Voluptatem ea distinctio similique beatae.', 'qui', 4, NULL, '1996-09-21 20:55:46', '2009-03-05 21:50:05'),
('44', '44', '181', 'Ad dignissimos fugit repellendus labore voluptatem eius autem. Eveniet non et aperiam eum doloremque. Officia qui quis voluptatem dolorum ut.', 'reprehenderit', 884149444, NULL, '1990-12-17 23:27:34', '1995-02-24 11:19:46'),
('45', '45', '184', 'Consequatur molestiae non quasi ullam. Fugit non voluptatem ut molestias cupiditate consequatur deleniti. Ut neque illum occaecati.', 'reprehenderit', 3425, NULL, '1982-02-07 08:47:12', '2000-09-06 01:31:11'),
('46', '46', '185', 'Et quia dolor quidem non et nesciunt ratione dolore. Explicabo earum sint veniam recusandae possimus.', 'et', 32174, NULL, '2017-01-25 21:00:54', '2021-01-29 04:44:10'),
('47', '47', '188', 'Provident nihil facilis facere. A ut eos quia consequatur enim aut soluta pariatur. Sint voluptatum magni temporibus labore deserunt ipsa. Sunt voluptas natus voluptates modi.', 'ipsam', 364882, NULL, '1985-04-11 08:42:50', '2008-03-27 11:48:15'),
('48', '48', '190', 'Architecto doloremque id quidem illo voluptas alias. Magni est est sequi eligendi dicta. Rem veritatis ipsa et.', 'voluptatem', 743131991, NULL, '2013-07-26 19:43:38', '1976-08-05 23:04:14'),
('49', '49', '191', 'Est velit omnis a culpa dignissimos fuga omnis vitae. Assumenda beatae quisquam sunt amet similique sint adipisci. Maiores qui sequi cupiditate et et. Et inventore qui dolor veniam doloremque dolor.', 'laborum', 9, NULL, '2001-01-19 11:00:33', '2020-11-08 13:08:03'),
('50', '50', '194', 'Facere occaecati beatae ea reiciendis est itaque eveniet sit. Sapiente dolores optio facilis quam. Fuga ut ex officiis ipsum sit. Laboriosam qui quisquam non.', 'reprehenderit', 0, NULL, '2014-01-10 13:43:28', '1996-03-08 21:48:10'),
('51', '51', '195', 'Et et inventore repellendus corporis consequatur amet id sequi. Cum culpa rem at hic a dolores aliquid. Accusamus repudiandae voluptatem veniam dolores placeat.', 'aut', 684810, NULL, '1983-04-27 03:56:36', '2008-07-23 02:03:22'),
('52', '52', '196', 'Et quos vero voluptates nihil aliquam earum. Ea officiis consequatur ducimus vitae. Et veniam quod incidunt necessitatibus repellat veritatis voluptas non. Quod deserunt ad incidunt ea sint maxime natus. Illo omnis asperiores aut sunt atque.', 'et', 1083, NULL, '2008-09-23 19:45:41', '1980-01-26 07:05:29'),
('53', '53', '197', 'Sed quos ducimus iure ratione sit odio. Enim numquam aut et odio. Molestiae explicabo eligendi ut provident rerum quis. Ea incidunt vitae minima debitis. Et praesentium fugiat non debitis dolorem.', 'qui', 706471943, NULL, '1989-06-11 07:47:12', '1977-10-01 15:30:06'),
('54', '54', '198', 'Sint hic itaque sapiente et et. Qui dolore asperiores non debitis quis. Odio laudantium alias doloremque animi omnis ut iusto ut. Totam iusto odit tempore est eum est.', 'provident', 0, NULL, '1984-12-08 13:54:32', '2002-06-02 17:11:53'),
('55', '55', '199', 'Tenetur odio ut temporibus deleniti quos. Qui dolor consequatur consectetur dolore natus mollitia. Quo sint dignissimos fugit et velit ipsum voluptatem laborum. Velit laborum tempore nihil corporis adipisci id mollitia.', 'praesentium', 732391259, NULL, '1979-07-21 22:07:16', '2018-09-24 17:42:46'),
('56', '56', '101', 'Similique atque id eum voluptatum doloribus. Debitis eius modi voluptatem tenetur quisquam a maiores. In voluptatem voluptates a et voluptas in.', 'quia', 6, NULL, '1997-03-24 10:49:33', '1979-05-23 16:50:39'),
('57', '57', '103', 'Iste enim quam hic quisquam et error enim. Dicta ea corporis dolorem est at delectus nemo. Natus sunt nihil quisquam.', 'eos', 12901, NULL, '2015-04-26 02:44:36', '1991-09-21 19:39:30'),
('58', '58', '104', 'Id necessitatibus ut dolor repudiandae. Iste ut excepturi ducimus quis ex. Blanditiis dignissimos aliquam aut qui dolor facere. Aut eum odio corrupti recusandae.', 'voluptatem', 5559, NULL, '1973-05-20 19:17:11', '1980-04-21 16:17:36'),
('59', '59', '105', 'Est unde totam aut non aliquam dolorum autem. Sed non dolores autem autem sequi assumenda molestias. At culpa distinctio animi alias at minima.', 'ut', 0, NULL, '1978-09-09 00:37:51', '1999-10-03 11:35:24'),
('60', '60', '106', 'Expedita velit maiores iusto laboriosam. Ex ipsam omnis sint minima ea nisi. Repellat aliquam sint consequuntur illo aperiam. Cumque eligendi tenetur non.', 'sit', 52, NULL, '1993-02-06 00:52:01', '1989-12-04 17:03:22'),
('61', '61', '107', 'Quia unde est assumenda ut ab illum. Dignissimos temporibus cum at perferendis commodi natus doloremque. Voluptatem illo qui vero veniam sit eum. Enim quos suscipit quia alias sit deserunt enim et.', 'inventore', 6240927, NULL, '1989-12-01 14:48:05', '1977-01-04 13:19:37'),
('62', '62', '108', 'Et eum corporis laborum. Fugiat ex omnis quos deserunt est voluptate voluptatem quaerat. Quis omnis aut voluptatem quae quis corrupti ab.', 'quo', 423, NULL, '2020-07-23 09:43:53', '2018-08-10 10:07:35'),
('63', '63', '109', 'Et praesentium inventore facilis tenetur qui veniam. Totam magni id reprehenderit dolor qui quos.', 'est', 176, NULL, '1975-04-01 00:50:52', '2009-05-31 00:26:29'),
('64', '64', '111', 'Est tempora itaque officia quam voluptas temporibus et iusto. Libero necessitatibus velit quo aliquam qui qui exercitationem. Velit impedit ipsum incidunt perferendis praesentium fugit aut aliquid. Atque voluptatem expedita temporibus nisi.', 'ad', 74644102, NULL, '2007-09-04 17:56:10', '2005-12-07 07:46:10'),
('65', '65', '122', 'Ut quisquam modi eveniet quasi reiciendis doloremque. Quas illo veniam repudiandae laboriosam vel vel. Aut fugit et sit animi earum doloribus ut. Id autem eaque nulla ut deleniti molestias.', 'sint', 1, NULL, '1993-06-20 04:42:06', '2008-01-16 06:58:17'),
('66', '66', '123', 'Laudantium deserunt at sit non quo laudantium odio. Aut velit impedit modi inventore. Id quam ex expedita voluptatem autem explicabo vero provident. Rerum qui laudantium consectetur nesciunt.', 'magnam', 255819642, NULL, '1982-12-07 03:07:12', '1973-10-14 07:14:24'),
('67', '67', '127', 'Eum cum dolores quod commodi libero vel. Omnis et cum aliquam est vel dolore tenetur eos. Voluptatibus nemo et amet porro voluptas atque. Qui unde temporibus officia nulla veniam.', 'velit', 26534921, NULL, '2012-07-22 19:28:47', '2015-02-25 18:01:05'),
('68', '68', '128', 'Accusamus nemo quos fugit dicta. Et et aperiam ea. Sunt voluptatem nostrum rerum ea. Voluptatem error numquam quaerat nemo praesentium aperiam est est.', 'odit', 376972, NULL, '2014-08-02 01:42:35', '2010-02-22 10:05:36'),
('69', '69', '134', 'Optio rerum ea perspiciatis commodi autem consequatur. Facere temporibus deserunt rem porro.', 'excepturi', 16078, NULL, '1971-01-05 05:02:22', '1989-05-07 23:05:54'),
('70', '70', '136', 'Sint sit quia illum in. Et temporibus facilis et expedita aliquam. Aut est est nesciunt et eveniet quo.', 'nobis', 195363337, NULL, '2012-12-19 03:42:24', '1993-05-24 05:25:18'),
('71', '71', '138', 'Fugit commodi cumque dignissimos nisi. Alias sunt facere quos provident. Eos soluta fugiat quos. Ad sint nostrum quaerat ex nobis.', 'quibusdam', 94823, NULL, '1977-01-14 12:37:25', '1972-08-22 12:38:59'),
('72', '72', '139', 'Dolorem possimus quasi ratione est similique architecto. Non natus voluptate dolore iusto eaque velit qui. Laudantium aut beatae expedita perferendis. Illo velit officiis beatae rerum incidunt ut qui.', 'vitae', 188549, NULL, '1976-08-15 10:37:19', '1982-01-23 11:19:43'),
('73', '73', '146', 'Quod officiis odit repellendus aut voluptatem quas enim. Eaque omnis officiis natus.', 'hic', 19, NULL, '1989-07-23 04:53:23', '2010-06-13 17:25:49'),
('74', '74', '147', 'Perspiciatis ad consequatur mollitia alias fuga. Optio porro libero voluptas aut. Est ipsum id blanditiis dignissimos. Ratione nihil beatae voluptatem.', 'et', 41501, NULL, '1999-05-12 05:16:01', '1984-01-20 12:13:48'),
('75', '75', '149', 'Molestiae aperiam debitis exercitationem. Laudantium eos nulla ipsam aspernatur ea facilis eos. Facere deserunt excepturi quo ut consequatur et. Sunt id incidunt cupiditate ducimus dignissimos.', 'qui', 86153865, NULL, '2001-12-06 11:33:54', '1985-02-16 13:44:50'),
('76', '76', '150', 'Modi reprehenderit minima error dolorum commodi eaque iste. Ut qui quia nostrum blanditiis aliquid accusantium. Enim itaque doloremque omnis atque nulla repellat.', 'dolorum', 757, NULL, '1973-12-31 09:56:21', '1975-08-11 13:52:51'),
('77', '77', '151', 'Id facilis vitae saepe sit at laudantium labore ullam. Provident distinctio non ut. Dolor quibusdam animi eos quae sunt aut dolorum.', 'quidem', 295845702, NULL, '2001-02-22 11:09:25', '2009-11-03 03:20:35'),
('78', '78', '152', 'Porro iure quisquam et officiis assumenda magnam. Aut voluptas cumque incidunt. Voluptatibus ullam ipsum corporis.', 'minima', 12184978, NULL, '1994-01-28 17:13:10', '1972-05-25 16:57:59'),
('79', '79', '153', 'Et quas temporibus dolor ducimus laborum ut enim. Numquam rerum nulla et vel mollitia nobis consequatur.', 'deserunt', 7, NULL, '1971-12-03 06:41:49', '1983-12-31 20:20:37'),
('80', '80', '156', 'Atque et ipsam qui aperiam ut temporibus. Et impedit debitis est totam distinctio. Voluptas iste sunt vero quo. Ex non odit voluptatibus itaque fugit.', 'doloribus', 361, NULL, '1973-10-01 14:29:56', '1991-09-19 19:33:34'),
('81', '81', '157', 'Dolores sit sit aut ut nobis. Deserunt soluta rerum corporis eveniet quia ut dolores. Repellat vel natus reiciendis odio.', 'animi', 0, NULL, '1976-12-31 23:48:54', '1976-06-16 17:21:49'),
('82', '82', '158', 'Fugit veniam sint dolore inventore est est. Odio delectus pariatur occaecati harum nisi nostrum quo. Nemo suscipit ab modi aut facere possimus.', 'consectetur', 0, NULL, '1995-04-17 18:49:47', '1987-10-01 15:49:25'),
('83', '83', '160', 'Assumenda deleniti expedita nesciunt commodi molestiae temporibus minus. Qui quia sed aliquam id quod eligendi unde nemo. Harum accusamus corrupti iusto nulla aliquid consequuntur totam ut.', 'rem', 62, NULL, '1987-08-29 18:22:31', '2012-04-29 20:54:47'),
('84', '84', '161', 'Architecto reprehenderit est veritatis rerum ea nostrum totam perspiciatis. Impedit rerum cum sunt. Illo excepturi temporibus qui maiores est veniam molestiae. Molestias aliquam voluptate cumque molestiae.', 'illum', 47, NULL, '1995-11-14 03:36:37', '2010-04-03 21:54:09'),
('85', '85', '162', 'Eaque suscipit et molestias molestias. Nobis et quis totam officiis.', 'nihil', 9524, NULL, '2000-05-26 00:41:02', '2009-08-24 14:53:44'),
('86', '86', '164', 'Quae consequatur autem quisquam a consequatur et. Et velit mollitia et nemo est. In et accusantium nostrum et. Vel amet nisi sit nesciunt. Ut sunt ducimus ut laboriosam.', 'aut', 0, NULL, '1992-09-08 19:40:53', '2010-06-25 08:02:30'),
('87', '87', '165', 'Et magnam maiores laudantium beatae harum accusamus. Iure et fugit eos eos repellat qui voluptas. Et ut at maxime ullam sit et. Ut nisi saepe deleniti molestiae laudantium et quos.', 'nam', 851057568, NULL, '1979-09-26 17:56:20', '1971-12-11 11:26:01'),
('88', '88', '166', 'Fugit labore laborum et qui assumenda vero iure. Dolorem ut consequatur in. Rerum impedit enim qui voluptas dolor.', 'voluptatibus', 285222, NULL, '1987-09-22 22:13:00', '2005-05-02 16:47:52'),
('89', '89', '168', 'Cumque quam aperiam qui numquam aut atque. Ut velit quod est asperiores consequatur quidem. Aspernatur dolorem et eum minima voluptatibus. Sed velit vitae explicabo fugiat quia et aut.', 'adipisci', 66529, NULL, '2008-11-26 13:03:16', '2010-10-26 18:15:28'),
('90', '90', '169', 'Iure non consequatur voluptate natus deserunt voluptas temporibus voluptas. Facere ut nulla in aut. Adipisci modi saepe eos quis.', 'harum', 9, NULL, '1996-06-21 02:58:59', '2016-10-18 09:43:09'),
('91', '91', '170', 'Non quis nulla explicabo error vero corporis eaque. Non facilis qui vitae qui. Quis distinctio dolor porro velit et omnis. Cumque pariatur rerum aut est dolores debitis sit. Ex est voluptatem et.', 'nemo', 7464, NULL, '2019-07-01 11:28:18', '2018-08-05 01:26:32'),
('92', '92', '171', 'Maiores aut quis quia quo. Molestias voluptates aut et tempore aut et. Et aut autem et sint. Sed et non dolor fugiat et tempora quaerat. Est qui debitis odio laudantium at.', 'rem', 0, NULL, '2008-01-20 16:17:14', '2006-01-02 09:29:04'),
('93', '93', '172', 'Est doloremque perferendis quia in facere. Dolorem saepe blanditiis nihil. Cum beatae asperiores odio eligendi.', 'repudiandae', 6371210, NULL, '2017-12-21 22:07:06', '1991-08-25 19:58:13'),
('94', '94', '173', 'At dolorem corrupti aut odit. Sed dolor a ex omnis culpa. Sunt laudantium nobis omnis voluptatem autem vero voluptas. Et cumque in eos et fuga.', 'repudiandae', 0, NULL, '1985-12-03 11:32:53', '1998-07-03 21:08:48'),
('95', '95', '174', 'Occaecati sit itaque voluptatem ea recusandae aut. Vitae sapiente sed officia possimus. Est consequatur veniam autem autem et ut qui. Quia voluptatum deleniti quia et velit qui laudantium.', 'et', 50, NULL, '2001-04-03 13:48:20', '1997-05-19 15:35:15'),
('96', '96', '175', 'Praesentium rerum at eum et officia quis qui. Sed explicabo expedita quisquam fugiat iure ullam sequi. Molestias dignissimos dolore qui quibusdam ex laudantium dolor.', 'nihil', 51, NULL, '2005-03-05 11:43:57', '2013-02-03 01:19:26'),
('97', '97', '177', 'Occaecati similique omnis voluptatem magni culpa quis eos voluptate. Velit quis tenetur in vero. Facilis nostrum itaque est et in asperiores enim odio.', 'ipsum', 788, NULL, '2013-08-08 06:35:22', '1985-05-01 06:27:22'),
('98', '98', '180', 'Asperiores blanditiis voluptatem officiis eaque aut. Sunt quo illo est nam ut modi laboriosam unde. Ut ullam in cum et. Quasi repellendus culpa ipsam.', 'dolorum', 0, NULL, '1977-06-22 10:59:08', '2015-07-05 01:05:23'),
('99', '99', '181', 'Tempore illo rerum reiciendis sapiente ut architecto autem nostrum. Autem saepe iusto corporis unde iusto. Sed qui nulla perspiciatis et dolorum dignissimos. Hic reprehenderit nam praesentium voluptatem eos.', 'dolor', 81415988, NULL, '1995-01-03 06:05:48', '1992-05-30 01:13:56'),
('100', '100', '184', 'Est quia sed reprehenderit. Tempore natus fugit exercitationem unde ipsum ut itaque tempore. Aspernatur id et consectetur occaecati. Vel nobis ea vitae deserunt dicta tempore autem illo.', 'facilis', 6616, NULL, '2010-06-11 03:11:11', '1978-02-07 10:21:21');

INSERT INTO `photo_albums` VALUES
('1', 'impedit', '101', '1998-12-21 02:48:16', '2002-09-26 00:22:01'),
('2', 'mollitia', '103', '1993-12-22 03:06:55', '1999-09-05 21:12:22'),
('3', 'accusantium', '104', '2001-10-05 23:15:23', '1972-01-31 02:17:10'),
('4', 'culpa', '105', '2002-01-12 09:16:19', '1975-04-05 15:19:42'),
('5', 'et', '106', '2011-02-17 10:34:57', '1972-02-14 19:28:55'),
('6', 'tempore', '107', '2008-02-29 11:01:06', '1995-12-02 20:31:50'),
('7', 'consequatur', '108', '2021-03-13 17:28:16', '1989-12-26 19:40:40'),
('8', 'quod', '109', '2015-10-25 12:51:14', '2017-11-28 09:01:33'),
('9', 'eum', '111', '2019-04-22 13:42:03', '1975-07-10 01:43:12'),
('10', 'commodi', '122', '1986-02-08 19:38:12', '2005-11-02 09:56:02'),
('11', 'incidunt', '123', '2000-05-18 04:06:56', '2010-07-23 00:06:37'),
('12', 'harum', '127', '1999-02-20 00:17:50', '2006-03-03 14:05:29'),
('13', 'soluta', '128', '1987-10-23 14:03:02', '2002-01-07 13:01:41'),
('14', 'recusandae', '134', '1980-10-14 05:23:43', '1998-12-27 12:57:38'),
('15', 'qui', '136', '2005-08-12 15:01:54', '1998-09-16 20:15:27'),
('16', 'aut', '138', '1973-10-23 08:57:44', '1981-07-23 23:49:31'),
('17', 'enim', '139', '1973-09-30 12:26:17', '2020-09-07 17:10:10'),
('18', 'culpa', '146', '1996-01-09 01:01:44', '2012-07-03 14:02:03'),
('19', 'voluptate', '147', '2016-06-03 16:43:32', '2006-01-07 23:47:00'),
('20', 'quidem', '149', '1985-11-17 09:16:50', '1986-08-21 04:55:39'),
('21', 'eos', '150', '1984-02-01 08:05:21', '1970-10-18 11:15:41'),
('22', 'maiores', '151', '1972-10-28 10:42:38', '2010-09-28 19:16:51'),
('23', 'aspernatur', '152', '1982-12-02 12:29:05', '1989-08-13 21:32:34'),
('24', 'quibusdam', '153', '1976-09-23 02:58:26', '1981-04-14 00:29:09'),
('25', 'ad', '156', '2017-04-16 03:31:43', '2015-07-19 20:33:22'),
('26', 'harum', '157', '1973-12-18 12:39:40', '2015-12-04 16:42:31'),
('27', 'numquam', '158', '1985-01-06 16:07:56', '1976-10-17 01:06:48'),
('28', 'ut', '160', '1978-06-26 13:15:08', '1980-09-14 10:15:54'),
('29', 'aut', '161', '2012-08-13 04:02:15', '1975-10-11 14:34:31'),
('30', 'commodi', '162', '1995-09-04 07:27:25', '1970-12-16 13:57:26'),
('31', 'qui', '164', '1987-02-09 05:00:40', '1980-01-23 09:30:07'),
('32', 'ad', '165', '1993-10-09 12:48:36', '1991-12-21 10:59:06'),
('33', 'veniam', '166', '1993-07-16 09:23:11', '2020-04-22 20:38:34'),
('34', 'ut', '168', '2020-12-16 07:51:37', '2019-07-19 04:42:09'),
('35', 'ipsa', '169', '2011-08-05 13:46:48', '1989-10-13 16:14:20'),
('36', 'quia', '170', '1986-07-26 07:07:13', '1989-07-27 07:45:32'),
('37', 'voluptas', '171', '1972-04-22 13:26:21', '2010-03-17 03:28:07'),
('38', 'id', '172', '1985-12-13 02:47:13', '2019-06-18 12:06:32'),
('39', 'odit', '173', '1988-03-20 13:50:50', '1989-01-04 04:37:01'),
('40', 'deserunt', '174', '2004-08-24 23:39:34', '1999-02-14 09:45:03'),
('41', 'pariatur', '175', '2005-10-04 10:48:16', '1994-05-16 02:19:27'),
('42', 'omnis', '177', '1972-03-25 21:32:01', '1994-06-17 07:41:43'),
('43', 'optio', '180', '2015-08-10 05:28:56', '1982-06-08 09:38:51'),
('44', 'placeat', '181', '1986-02-06 01:40:40', '2002-02-08 14:43:20'),
('45', 'rerum', '184', '1986-02-20 05:33:49', '2015-12-13 12:36:34'),
('46', 'voluptatem', '185', '2006-05-30 02:48:27', '1998-12-28 16:41:40'),
('47', 'voluptas', '188', '2010-01-27 11:39:04', '2001-12-11 10:35:14'),
('48', 'dicta', '190', '1974-01-04 07:57:51', '2004-08-10 16:03:32'),
('49', 'consequatur', '191', '1976-06-22 19:01:45', '2011-12-06 01:49:46'),
('50', 'veritatis', '194', '1979-11-07 06:50:15', '2005-05-28 22:02:31'),
('51', 'velit', '195', '1974-05-16 10:59:42', '1975-02-07 07:06:14'),
('52', 'placeat', '196', '1998-12-09 16:43:25', '1996-01-08 22:27:01'),
('53', 'ad', '197', '2007-06-15 04:38:04', '1992-02-09 12:13:24'),
('54', 'quibusdam', '198', '1994-09-23 12:17:22', '1998-12-10 07:36:26'),
('55', 'molestias', '199', '1993-03-17 07:29:18', '2019-12-24 15:53:06'),
('56', 'id', '101', '2007-09-17 18:03:42', '1972-03-12 22:05:29'),
('57', 'illum', '103', '1974-11-25 10:27:39', '2014-02-27 01:05:35'),
('58', 'voluptatem', '104', '2014-02-26 00:57:25', '2009-05-22 13:35:32'),
('59', 'maxime', '105', '2003-01-14 10:09:52', '1978-03-26 04:11:17'),
('60', 'dolorem', '106', '1975-05-11 00:06:07', '2018-03-08 17:15:07'),
('61', 'reprehenderit', '107', '2007-11-11 07:57:54', '1986-03-10 10:26:39'),
('62', 'voluptatibus', '108', '2010-12-05 08:26:40', '1995-11-18 19:45:15'),
('63', 'beatae', '109', '1996-08-22 00:43:12', '2016-06-05 15:05:10'),
('64', 'rem', '111', '2012-10-11 14:24:01', '1974-09-02 14:27:38'),
('65', 'maxime', '122', '2009-01-29 22:43:05', '2013-12-31 16:07:50'),
('66', 'vel', '123', '1972-07-19 04:25:16', '1982-07-23 14:32:38'),
('67', 'in', '127', '1986-01-11 09:19:05', '1976-11-07 23:58:03'),
('68', 'dolor', '128', '1975-04-07 13:54:23', '2021-02-13 00:57:42'),
('69', 'quia', '134', '2010-04-03 03:47:45', '1991-12-10 06:19:55'),
('70', 'accusantium', '136', '1972-09-11 19:36:51', '1989-03-17 00:55:17'),
('71', 'mollitia', '138', '1970-09-20 11:27:32', '2002-02-19 02:12:28'),
('72', 'quos', '139', '1974-12-25 13:27:16', '1986-09-30 09:33:25'),
('73', 'at', '146', '1994-08-02 13:28:03', '2012-04-28 17:40:57'),
('74', 'tenetur', '147', '2016-05-08 15:59:00', '2009-09-17 05:44:37'),
('75', 'nobis', '149', '1974-12-12 06:28:05', '1997-06-28 02:53:33'),
('76', 'expedita', '150', '2019-12-07 18:57:09', '1988-11-08 20:36:11'),
('77', 'consequatur', '151', '1977-10-28 05:04:44', '1998-04-21 01:20:09'),
('78', 'quo', '152', '1987-08-18 10:31:31', '1976-04-05 12:38:24'),
('79', 'itaque', '153', '1991-07-18 06:45:52', '1973-07-17 06:53:39'),
('80', 'sapiente', '156', '1975-09-01 06:45:47', '2019-09-18 05:15:36'),
('81', 'nihil', '157', '2003-07-30 22:14:18', '1985-10-20 11:18:29'),
('82', 'quis', '158', '1989-08-28 09:39:41', '1991-09-10 09:15:53'),
('83', 'quisquam', '160', '1988-10-30 08:33:07', '2008-07-20 02:10:34'),
('84', 'rerum', '161', '2011-09-06 06:59:41', '2021-02-08 08:26:11'),
('85', 'doloremque', '162', '2008-01-05 02:26:54', '1974-09-11 00:42:44'),
('86', 'cum', '164', '1982-07-28 00:05:28', '1993-06-21 03:53:43'),
('87', 'eveniet', '165', '1999-06-19 13:15:07', '1999-03-01 23:59:52'),
('88', 'fugit', '166', '1990-02-15 15:05:02', '1970-11-20 08:45:11'),
('89', 'blanditiis', '168', '2013-09-03 04:27:24', '1991-03-12 22:02:02'),
('90', 'velit', '169', '1982-10-18 04:38:56', '1988-09-18 18:57:19'),
('91', 'unde', '170', '1978-07-10 14:03:04', '1995-08-11 18:40:31'),
('92', 'eius', '171', '2021-05-26 13:07:13', '1979-11-11 04:43:46'),
('93', 'facere', '172', '1988-02-04 00:37:22', '1996-09-07 04:56:40'),
('94', 'et', '173', '1987-04-21 10:40:04', '1999-09-01 03:10:13'),
('95', 'rerum', '174', '2014-12-04 19:22:20', '2009-10-26 02:27:56'),
('96', 'hic', '175', '1991-03-04 06:44:36', '1970-08-06 08:58:50'),
('97', 'distinctio', '177', '1987-06-21 11:53:59', '2017-02-08 06:43:19'),
('98', 'quos', '180', '1982-09-10 03:13:18', '1998-06-17 23:00:27'),
('99', 'consequatur', '181', '1975-02-02 11:49:39', '1977-08-28 13:27:51'),
('100', 'commodi', '184', '1989-12-27 23:14:56', '1988-08-21 19:31:29');

INSERT INTO `photos` VALUES
('1', '1', '1', '1984-02-14 05:28:32', '1974-05-04 09:26:13'),
('2', '2', '2', '2020-02-04 21:38:00', '2013-09-14 14:35:59'),
('3', '3', '3', '2012-08-05 01:56:24', '1993-07-04 09:30:35'),
('4', '4', '4', '1984-08-18 12:56:15', '2019-10-22 14:42:25'),
('5', '5', '5', '2016-11-09 00:52:31', '1981-11-08 15:42:43'),
('6', '6', '6', '2014-04-24 05:25:07', '1998-07-08 11:11:06'),
('7', '7', '7', '2014-10-17 16:44:10', '2014-05-08 04:32:58'),
('8', '8', '8', '2012-10-15 08:35:07', '1974-04-07 21:24:25'),
('9', '9', '9', '2003-11-04 07:44:35', '1980-09-27 15:07:05'),
('10', '10', '10', '2012-07-11 01:16:13', '2016-04-22 03:18:04'),
('11', '11', '11', '1986-10-12 23:14:07', '1995-12-14 16:25:19'),
('12', '12', '12', '1991-11-13 18:50:47', '1983-05-29 07:56:48'),
('13', '13', '13', '2013-03-15 18:55:59', '1991-11-18 03:21:17'),
('14', '14', '14', '1994-03-30 18:48:47', '1983-07-07 16:41:54'),
('15', '15', '15', '2017-03-09 18:16:04', '1997-08-15 09:46:01'),
('16', '16', '16', '1983-09-17 14:16:04', '2003-05-21 11:45:35'),
('17', '17', '17', '2015-01-12 08:36:23', '1997-12-06 00:37:57'),
('18', '18', '18', '1997-06-03 06:14:16', '1971-05-29 00:46:00'),
('19', '19', '19', '2014-12-06 16:01:52', '1980-06-05 20:55:18'),
('20', '20', '20', '1982-07-15 13:11:50', '1993-05-14 04:51:24'),
('21', '21', '21', '1978-03-15 06:40:31', '2014-10-11 17:09:24'),
('22', '22', '22', '1998-03-21 09:37:03', '1999-09-06 16:35:43'),
('23', '23', '23', '2017-07-10 06:31:08', '1985-02-23 21:32:42'),
('24', '24', '24', '1971-11-01 16:47:25', '2011-01-07 02:55:34'),
('25', '25', '25', '1995-11-18 20:35:32', '2013-06-05 07:45:19'),
('26', '26', '26', '1988-10-07 15:28:43', '1979-05-09 14:25:42'),
('27', '27', '27', '1970-05-20 06:40:20', '2003-02-17 14:45:53'),
('28', '28', '28', '1997-06-11 04:06:01', '2003-01-03 01:20:08'),
('29', '29', '29', '1985-12-13 20:04:45', '1981-12-25 20:10:10'),
('30', '30', '30', '1996-07-10 20:10:34', '1986-10-30 04:52:08'),
('31', '31', '31', '1998-07-09 06:15:33', '1990-01-06 06:46:13'),
('32', '32', '32', '1979-09-18 07:12:00', '1997-04-13 22:54:21'),
('33', '33', '33', '2013-05-10 12:21:56', '1994-02-12 16:03:52'),
('34', '34', '34', '1975-08-17 18:08:08', '1998-05-04 14:50:06'),
('35', '35', '35', '2016-11-10 00:55:37', '1978-11-17 06:12:29'),
('36', '36', '36', '2002-04-02 06:43:54', '1993-07-17 21:26:05'),
('37', '37', '37', '1986-01-14 08:40:49', '1970-05-03 11:45:56'),
('38', '38', '38', '2019-06-14 13:38:04', '1981-01-19 00:13:23'),
('39', '39', '39', '1987-01-11 21:39:22', '2018-12-13 01:05:45'),
('40', '40', '40', '1987-04-16 17:12:54', '1975-03-13 00:57:20'),
('41', '41', '41', '2020-04-22 06:55:37', '2018-09-06 07:16:09'),
('42', '42', '42', '2003-12-05 11:44:38', '1976-01-18 06:42:38'),
('43', '43', '43', '1970-03-23 19:45:58', '2018-07-19 15:31:06'),
('44', '44', '44', '1984-03-15 14:21:14', '1984-06-24 09:42:26'),
('45', '45', '45', '2003-11-04 13:53:36', '2020-08-09 23:00:48'),
('46', '46', '46', '1970-08-05 13:27:44', '1998-02-08 13:28:13'),
('47', '47', '47', '2021-02-19 15:06:19', '1995-05-22 18:46:28'),
('48', '48', '48', '2000-12-12 12:34:52', '1993-06-11 00:50:32'),
('49', '49', '49', '2020-05-23 02:55:49', '2005-06-22 01:47:36'),
('50', '50', '50', '2009-08-13 05:11:19', '2000-10-15 07:59:34'),
('51', '51', '51', '1970-12-06 23:16:58', '1971-08-09 06:45:21'),
('52', '52', '52', '2002-01-03 17:26:23', '1998-04-23 08:36:59'),
('53', '53', '53', '2019-09-05 03:14:17', '2006-02-04 14:16:58'),
('54', '54', '54', '2020-03-05 11:17:18', '1976-04-17 16:22:49'),
('55', '55', '55', '2018-01-30 14:55:11', '2003-01-16 22:04:46'),
('56', '56', '56', '1974-02-17 07:47:15', '2010-04-06 13:19:51'),
('57', '57', '57', '1997-06-04 16:27:22', '2011-05-14 19:27:50'),
('58', '58', '58', '2008-12-31 18:02:33', '1979-09-18 05:38:16'),
('59', '59', '59', '2019-08-12 00:11:45', '1980-02-04 05:45:53'),
('60', '60', '60', '1987-05-08 07:35:33', '2016-06-04 06:42:19'),
('61', '61', '61', '2003-02-14 20:06:29', '1997-09-20 00:37:32'),
('62', '62', '62', '1970-06-29 22:58:52', '1998-03-13 18:02:34'),
('63', '63', '63', '2000-06-12 13:33:45', '1988-03-16 03:44:39'),
('64', '64', '64', '2020-11-22 09:26:42', '2013-04-17 14:35:27'),
('65', '65', '65', '1989-06-17 12:32:57', '2018-11-26 23:40:01'),
('66', '66', '66', '1988-10-08 04:36:57', '1975-08-26 18:43:20'),
('67', '67', '67', '2009-07-27 04:59:56', '1982-07-21 21:51:22'),
('68', '68', '68', '2011-02-02 03:08:36', '1993-06-14 00:19:44'),
('69', '69', '69', '1989-07-14 12:05:34', '2008-07-09 10:24:12'),
('70', '70', '70', '1985-04-09 23:17:15', '1979-06-06 12:30:47'),
('71', '71', '71', '2012-09-04 22:08:40', '1976-12-05 18:02:44'),
('72', '72', '72', '1981-10-01 01:10:20', '2021-06-02 07:02:03'),
('73', '73', '73', '1979-04-15 16:40:07', '2014-04-21 04:58:09'),
('74', '74', '74', '2000-07-02 22:47:31', '2005-08-04 20:40:28'),
('75', '75', '75', '2014-05-03 11:59:01', '1971-07-20 15:50:24'),
('76', '76', '76', '1989-02-10 01:39:20', '2011-06-12 09:51:23'),
('77', '77', '77', '2002-08-08 00:31:35', '1971-08-08 03:15:56'),
('78', '78', '78', '1983-04-28 18:56:05', '1982-04-30 09:36:32'),
('79', '79', '79', '1984-04-06 18:12:30', '1974-06-09 14:15:58'),
('80', '80', '80', '1976-03-05 14:34:32', '1999-08-09 16:29:11'),
('81', '81', '81', '1996-09-13 08:29:31', '1999-08-18 01:15:48'),
('82', '82', '82', '2004-04-22 08:30:40', '1995-06-10 08:37:55'),
('83', '83', '83', '1995-05-03 03:00:35', '1999-08-08 10:49:44'),
('84', '84', '84', '2010-03-17 08:29:35', '1979-01-18 12:46:06'),
('85', '85', '85', '2006-02-10 21:31:05', '2017-09-30 03:56:57'),
('86', '86', '86', '1999-07-13 12:36:34', '1996-06-16 13:39:47'),
('87', '87', '87', '1973-10-26 23:30:25', '1976-07-08 05:14:16'),
('88', '88', '88', '2012-12-31 21:40:37', '2009-10-07 00:59:07'),
('89', '89', '89', '1996-12-26 16:17:47', '1998-02-13 08:54:18'),
('90', '90', '90', '1995-07-25 06:34:44', '1970-03-29 02:43:09'),
('91', '91', '91', '1986-06-14 16:25:28', '1990-07-06 01:02:37'),
('92', '92', '92', '2001-12-30 04:51:01', '1979-10-22 20:44:09'),
('93', '93', '93', '2011-08-11 22:35:55', '1972-05-25 12:28:44'),
('94', '94', '94', '1985-02-16 18:01:25', '2017-09-06 17:08:32'),
('95', '95', '95', '2016-06-19 06:38:15', '1975-11-08 13:11:07'),
('96', '96', '96', '1973-04-23 19:29:24', '2002-05-13 11:34:01'),
('97', '97', '97', '1991-06-29 03:51:16', '1998-06-28 07:00:49'),
('98', '98', '98', '1975-11-27 17:02:28', '1981-09-10 17:34:59'),
('99', '99', '99', '1973-07-28 10:53:33', '2005-06-21 10:59:48'),
('100', '100', '100', '1998-01-21 18:02:36', '2020-12-03 15:04:52');

INSERT INTO `profiles` VALUES
('101', 'P', '2011-12-26', '1', '2007-01-11 19:19:42', '2000-07-07 01:31:51', 'North Ernestinamouth'),
('103', 'P', '1970-07-25', '2', '1991-06-09 15:37:05', '1985-06-27 02:19:23', 'Braunborough'),
('104', 'P', '2015-03-04', '3', '1972-05-06 19:42:18', '2013-11-22 00:29:16', 'Eusebioland'),
('105', 'P', '1991-07-30', '4', '1994-01-24 07:49:08', '1977-03-14 18:15:42', 'Lake Eugeneborough'),
('106', 'D', '1987-01-26', '5', '2016-10-17 07:05:00', '1973-04-08 18:54:35', 'Stammberg'),
('107', 'P', '2001-01-14', '6', '1975-12-01 09:22:56', '2014-03-26 00:47:00', 'Raufort'),
('108', 'M', '2011-04-29', '7', '2011-12-15 09:54:50', '2012-02-05 14:52:31', 'Fisherland'),
('109', 'M', '2019-06-26', '8', '2009-12-24 00:42:00', '1973-01-26 09:18:25', 'Schmidtstad'),
('111', 'M', '1999-11-08', '9', '2001-08-31 10:41:36', '1978-09-28 05:14:10', 'Mrazview'),
('122', 'P', '1988-12-13', '10', '2003-07-29 07:52:57', '1992-08-19 01:39:57', 'Heidenreichborough'),
('123', 'P', '2003-11-08', '11', '1974-04-15 23:49:28', '1986-08-26 00:25:00', 'Lake Jillianville'),
('127', 'M', '1972-05-28', '12', '1972-11-01 12:02:02', '1990-08-25 08:45:22', 'Port Davon'),
('128', 'M', '2011-03-31', '13', '1990-04-06 17:15:27', '1981-06-28 04:51:14', 'Pfannerstillstad'),
('134', 'M', '1976-09-23', '14', '1991-06-19 00:26:16', '1989-05-13 20:36:19', 'South Myrtie'),
('136', 'M', '1971-07-11', '15', '1987-12-28 11:33:27', '1972-02-18 21:23:50', 'Howellborough'),
('138', 'M', '1978-07-06', '16', '1970-11-11 07:38:33', '1987-07-22 11:40:36', 'West Nameview'),
('139', 'M', '1972-12-16', '17', '1991-09-17 15:20:48', '1994-06-24 11:57:00', 'Schaeferchester'),
('146', 'M', '2011-11-17', '18', '1991-09-24 20:45:17', '1974-02-24 14:37:51', 'Schaeferberg'),
('147', 'D', '1993-08-08', '19', '2004-05-08 04:39:11', '1983-02-18 07:46:04', 'DuBuquebury'),
('149', 'P', '1994-06-27', '20', '1980-05-21 21:15:50', '1971-02-08 15:48:40', 'East Prudence'),
('150', 'P', '2007-12-16', '21', '2008-02-12 23:50:07', '1992-07-22 07:49:21', 'Walkerhaven'),
('151', 'M', '2000-11-01', '22', '2013-07-10 01:16:19', '1974-06-02 01:12:19', 'East Domenic'),
('152', 'M', '1995-12-25', '23', '2009-12-11 13:15:45', '1985-11-11 08:17:31', 'Mauriceside'),
('153', 'P', '1995-09-23', '24', '1975-12-16 05:35:42', '1973-10-31 21:59:04', 'North Antoninaside'),
('156', 'P', '2014-03-03', '25', '2002-11-25 01:03:57', '2019-03-05 02:07:50', 'Napoleonstad'),
('157', 'D', '1985-03-06', '26', '1992-10-16 07:07:47', '1982-12-17 17:51:26', 'New Melissaside'),
('158', 'P', '2021-02-03', '27', '1995-03-03 06:21:24', '2011-12-11 09:26:51', 'North Ebbaburgh'),
('160', 'M', '1997-04-08', '28', '1995-12-29 09:27:11', '1977-12-02 06:31:15', 'Lake Natfort'),
('161', 'M', '2013-03-22', '29', '2010-09-15 14:40:45', '2001-03-13 12:01:14', 'Lake Matt'),
('162', 'P', '2004-08-05', '30', '2005-08-05 15:15:12', '2006-09-13 12:30:20', 'New Ashlee'),
('164', 'P', '1987-07-08', '31', '1978-06-04 09:53:07', '2013-05-06 12:41:22', 'Wildermanchester'),
('165', 'P', '2006-02-27', '32', '1984-01-30 02:12:14', '1999-02-05 04:50:37', 'Anabellemouth'),
('166', 'D', '2006-11-05', '33', '1989-04-07 01:24:22', '1972-04-26 02:27:35', 'Monserratetown'),
('168', 'M', '2020-04-15', '34', '1987-08-08 00:10:41', '2004-01-18 22:30:42', 'Cheyennemouth'),
('169', 'M', '1998-11-22', '35', '1973-07-18 05:44:47', '1982-09-19 11:14:15', 'Kertzmannhaven'),
('170', 'P', '2001-09-09', '36', '1974-07-20 12:05:51', '2019-12-30 21:32:17', 'Port Krista'),
('171', 'P', '1988-08-01', '37', '1986-08-20 23:55:34', '1982-10-02 19:53:17', 'North Friedrichchester'),
('172', 'D', '2007-01-14', '38', '2017-06-25 09:06:14', '2007-02-09 17:17:00', 'Port Jaylonshire'),
('173', 'M', '2011-12-19', '39', '1981-10-19 11:10:04', '2020-08-06 23:05:59', 'Cassinview'),
('174', 'M', '1986-08-21', '40', '1984-10-21 02:38:53', '2011-10-01 17:57:23', 'Port Andrew'),
('175', 'M', '1983-02-22', '41', '2003-06-11 16:27:50', '1985-08-03 19:14:15', 'East Camilleville'),
('177', 'D', '2000-02-09', '42', '1974-07-29 19:30:29', '2008-08-23 01:45:05', 'Weimannhaven'),
('180', 'M', '1986-09-21', '43', '2018-01-17 15:35:20', '1994-02-05 15:45:48', 'North Laruetown'),
('181', 'D', '1978-11-01', '44', '1988-07-23 08:50:02', '1998-05-21 16:34:19', 'Skilesville'),
('184', 'M', '1977-02-06', '45', '1977-02-17 20:01:20', '1972-12-31 12:19:52', 'Gloverville'),
('185', 'M', '2002-11-25', '46', '1996-03-24 13:20:54', '2004-10-04 08:15:28', 'Balistreriville'),
('188', 'P', '1986-03-16', '47', '2009-03-06 21:09:39', '2000-10-29 16:39:02', 'Mervintown'),
('190', 'M', '1974-04-28', '48', '1973-11-18 16:53:54', '2006-02-25 10:18:36', 'Erikfort'),
('191', 'M', '1997-04-27', '49', '2013-05-23 07:02:49', '1992-09-14 03:50:31', 'Nienowbury'),
('194', 'M', '1997-09-23', '50', '1972-06-24 02:33:51', '1980-12-05 05:42:55', 'South Eldridge'),
('195', 'M', '1995-07-06', '51', '1972-09-11 08:08:55', '1998-10-11 17:49:04', 'Cecilmouth'),
('196', 'D', '2003-12-15', '52', '2020-06-19 23:17:00', '1995-08-04 17:03:40', 'Grimesfort'),
('197', 'M', '1976-04-08', '53', '2000-09-15 19:43:07', '2012-10-08 13:00:06', 'South Rowena'),
('198', 'D', '1994-08-10', '54', '1970-06-23 03:59:18', '1992-02-02 18:58:53', 'Bettetown'),
('199', 'M', '1992-03-06', '55', '2010-08-31 15:09:12', '1977-09-14 06:41:19', 'West Noemiville');

INSERT INTO `communities` VALUES
('1', 'qui', '101'),
('2', 'placeat', '103'),
('3', 'rerum', '104'),
('4', 'alias', '105'),
('5', 'deleniti', '106'),
('6', 'blanditiis', '107'),
('7', 'molestiae', '108'),
('8', 'minima', '109'),
('9', 'error', '111'),
('10', 'nam', '122'),
('11', 'dolores', '123'),
('12', 'nostrum', '127'),
('13', 'minus', '128'),
('14', 'error', '134'),
('15', 'corrupti', '136'),
('16', 'commodi', '138'),
('17', 'similique', '139'),
('18', 'ut', '146'),
('19', 'placeat', '147'),
('20', 'quod', '149'),
('21', 'alias', '150'),
('22', 'sequi', '151'),
('23', 'qui', '152'),
('24', 'sit', '153'),
('25', 'perspiciatis', '156'),
('26', 'pariatur', '157'),
('27', 'vel', '158'),
('28', 'labore', '160'),
('29', 'error', '161'),
('30', 'molestiae', '162'),
('31', 'perferendis', '164'),
('32', 'in', '165'),
('33', 'dolores', '166'),
('34', 'sunt', '168'),
('35', 'nesciunt', '169'),
('36', 'qui', '170'),
('37', 'amet', '171'),
('38', 'vel', '172'),
('39', 'optio', '173'),
('40', 'incidunt', '174'),
('41', 'adipisci', '175'),
('42', 'in', '177'),
('43', 'incidunt', '180'),
('44', 'ut', '181'),
('45', 'in', '184'),
('46', 'aliquam', '185'),
('47', 'consequatur', '188'),
('48', 'expedita', '190'),
('49', 'consequatur', '191'),
('50', 'fugit', '194'),
('51', 'saepe', '195'),
('52', 'sit', '196'),
('53', 'atque', '197'),
('54', 'aut', '198'),
('55', 'consequatur', '199'),
('56', 'sit', '101'),
('57', 'laudantium', '103'),
('58', 'consectetur', '104'),
('59', 'recusandae', '105'),
('60', 'doloribus', '106'),
('61', 'adipisci', '107'),
('62', 'fugit', '108'),
('63', 'doloribus', '109'),
('64', 'voluptatem', '111'),
('65', 'occaecati', '122'),
('66', 'aut', '123'),
('67', 'aut', '127'),
('68', 'corporis', '128'),
('69', 'maiores', '134'),
('70', 'suscipit', '136'),
('71', 'sit', '138'),
('72', 'harum', '139'),
('73', 'harum', '146'),
('74', 'atque', '147'),
('75', 'neque', '149'),
('76', 'voluptas', '150'),
('77', 'soluta', '151'),
('78', 'quos', '152'),
('79', 'incidunt', '153'),
('80', 'tempora', '156'),
('81', 'laudantium', '157'),
('82', 'dolores', '158'),
('83', 'aut', '160'),
('84', 'consequuntur', '161'),
('85', 'dicta', '162'),
('86', 'repellat', '164'),
('87', 'deleniti', '165'),
('88', 'itaque', '166'),
('89', 'est', '168'),
('90', 'est', '169'),
('91', 'ratione', '170'),
('92', 'facere', '171'),
('93', 'eos', '172'),
('94', 'non', '173'),
('95', 'in', '174'),
('96', 'modi', '175'),
('97', 'veritatis', '177'),
('98', 'amet', '180'),
('99', 'blanditiis', '181'),
('100', 'dolor', '184');

INSERT INTO `users_communities` VALUES
('101', '1'),
('101', '56'),
('103', '2'),
('103', '57'),
('104', '3'),
('104', '58'),
('105', '4'),
('105', '59'),
('106', '5'),
('106', '60'),
('107', '6'),
('107', '61'),
('108', '7'),
('108', '62'),
('109', '8'),
('109', '63'),
('111', '9'),
('111', '64'),
('122', '10'),
('122', '65'),
('123', '11'),
('123', '66'),
('127', '12'),
('127', '67'),
('128', '13'),
('128', '68'),
('134', '14'),
('134', '69'),
('136', '15'),
('136', '70'),
('138', '16'),
('138', '71'),
('139', '17'),
('139', '72'),
('146', '18'),
('146', '73'),
('147', '19'),
('147', '74'),
('149', '20'),
('149', '75'),
('150', '21'),
('150', '76'),
('151', '22'),
('151', '77'),
('152', '23'),
('152', '78'),
('153', '24'),
('153', '79'),
('156', '25'),
('156', '80'),
('157', '26'),
('157', '81'),
('158', '27'),
('158', '82'),
('160', '28'),
('160', '83'),
('161', '29'),
('161', '84'),
('162', '30'),
('162', '85'),
('164', '31'),
('164', '86'),
('165', '32'),
('165', '87'),
('166', '33'),
('166', '88'),
('168', '34'),
('168', '89'),
('169', '35'),
('169', '90'),
('170', '36'),
('170', '91'),
('171', '37'),
('171', '92'),
('172', '38'),
('172', '93'),
('173', '39'),
('173', '94'),
('174', '40'),
('174', '95'),
('175', '41'),
('175', '96'),
('177', '42'),
('177', '97'),
('180', '43'),
('180', '98'),
('181', '44'),
('181', '99'),
('184', '45'),
('184', '100'),
('185', '46'),
('188', '47'),
('190', '48'),
('191', '49'),
('194', '50'),
('195', '51'),
('196', '52'),
('197', '53'),
('198', '54'),
('199', '55');

INSERT INTO `posts` VALUES
('1', '101', 'praesentium', 'Cumque asperiores fugiat cumque tempora officia deserunt. Minus est hic et cupiditate delectus. Id veniam nesciunt quisquam facilis quia eos qui.', '1974-09-30 08:04:07', '2014-03-19 07:09:52', '1', '1'),
('2', '103', 'reiciendis', 'Tenetur expedita necessitatibus sit quia dolor culpa voluptatem. Aut voluptatem id voluptate laborum. Labore reprehenderit enim rerum facilis.', '2008-02-01 02:34:30', '1989-10-14 01:39:07', '2', '2'),
('3', '104', 'et', 'Odit et necessitatibus rerum voluptatem accusantium accusamus. Voluptas voluptatibus aut magni. Officiis commodi laborum dolor quod fugiat nostrum. Consequatur tempore qui molestias ratione ut quod nihil aspernatur.', '2009-08-08 03:50:02', '1975-02-10 02:12:30', '3', '3'),
('4', '105', 'sapiente', 'Quo reprehenderit et est est quibusdam. Illo officia consequuntur magni adipisci accusantium in et. Possimus fuga quibusdam omnis et nam ab. Facilis pariatur esse aut molestiae suscipit dolorum eaque.', '2003-05-15 00:23:29', '2015-09-12 07:05:37', '4', '4'),
('5', '106', 'voluptatibus', 'Aut est nulla dolorem quasi. Dolore aliquam molestiae voluptatibus officiis qui. Reprehenderit porro dolores aspernatur. Ex consectetur vitae qui eos totam dolor ut.', '1992-11-17 20:57:11', '2000-10-03 06:36:11', '5', '5'),
('6', '107', 'non', 'Soluta ab vel aut ut. Tempora suscipit voluptatem placeat cumque. Cumque voluptates fugiat non esse dignissimos tempore facilis. Voluptas magnam incidunt corrupti nesciunt dolores aut. Vitae quo eos aut ea aut.', '2019-06-17 00:51:41', '1993-04-07 05:17:43', '6', '6'),
('7', '108', 'sapiente', 'Earum voluptate quod voluptatem sunt commodi inventore. Quos aliquid minima eius voluptates.', '1994-04-29 00:02:26', '2011-04-13 14:28:09', '7', '7'),
('8', '109', 'earum', 'Incidunt dolores temporibus ad officia facere. Laborum ex eum et. Nemo et aut voluptas eos magnam voluptas.', '2012-12-17 23:55:34', '2008-09-28 03:34:19', '8', '8'),
('9', '111', 'aliquam', 'Error impedit ut maiores. Et laborum est doloremque sunt maxime assumenda. Atque omnis natus qui dolorum doloribus. Quaerat ut maxime et nihil asperiores quidem aut.', '2015-11-11 09:43:15', '2011-07-29 14:51:29', '9', '9'),
('10', '122', 'nisi', 'Nobis commodi in mollitia exercitationem quia. Blanditiis esse doloremque ut occaecati. Dicta cumque quis voluptatem non molestiae. Cumque voluptatibus aut quis omnis quia est laborum vel.', '2005-07-10 01:20:33', '2019-10-11 14:41:35', '10', '10'),
('11', '123', 'perspiciatis', 'Possimus quibusdam dolorem a minima. Molestiae numquam quae necessitatibus nemo sint nemo voluptas. Officiis rerum eos voluptatibus consequatur quis ipsa.', '1985-05-27 05:32:47', '2013-08-15 00:31:09', '11', '11'),
('12', '127', 'similique', 'Harum quia voluptatem aliquid vel aspernatur in officia. Molestiae ex rem quae aut temporibus beatae. Et et voluptatum qui expedita sed commodi. Earum enim ut autem culpa ea voluptatem assumenda.', '2010-05-29 01:05:50', '1990-01-13 07:31:34', '12', '12'),
('13', '128', 'fuga', 'Amet vitae nemo excepturi non repudiandae. Nemo veniam consectetur dignissimos molestiae. Quaerat et nemo earum cum debitis eos.', '2012-07-01 22:42:51', '2009-04-02 17:48:27', '13', '13'),
('14', '134', 'rerum', 'Consequatur molestias minus minima voluptatem ad odit. Quam qui architecto doloremque veritatis ipsa. Neque et ut et ullam.', '2012-06-22 16:56:52', '2013-12-15 05:13:10', '14', '14'),
('15', '136', 'doloribus', 'Reiciendis aut quia quae harum qui perspiciatis accusamus. Deserunt rerum et qui non. Sapiente in et expedita hic laboriosam natus voluptatem et. Alias quo consectetur veniam eius et.', '1985-09-07 16:29:53', '1996-02-14 07:33:40', '15', '15'),
('16', '138', 'architecto', 'Officiis eos inventore autem qui vel nam et. Illo consectetur qui dolor iusto mollitia. Nihil eum non occaecati et. Velit molestiae harum sint aspernatur minus. Magni est architecto consequatur nemo tenetur aut.', '2020-08-31 11:04:35', '1988-05-16 02:08:46', '16', '16'),
('17', '139', 'voluptatem', 'Eos facere suscipit laboriosam maxime voluptatem harum. Consequatur et rerum cumque earum consequatur ut voluptatem. Ex in delectus voluptas tempore consequuntur ut ut. Optio animi quidem eveniet ea qui aut.', '2016-01-20 20:04:55', '1990-10-10 08:14:24', '17', '17'),
('18', '146', 'maiores', 'Id ea ratione reprehenderit. Et est nisi vel modi omnis. Sed odio rerum qui esse dolorem quo. Ut voluptas consequatur esse est eligendi molestiae.', '2016-04-21 16:27:15', '1995-06-12 07:13:27', '18', '18'),
('19', '147', 'placeat', 'Ut dolor eaque doloremque consequuntur veniam. Vel adipisci velit blanditiis accusantium tempora. Recusandae dolorem non ut aut labore. Reprehenderit dolorem fugiat ad beatae sit quod mollitia.', '1999-12-11 20:12:05', '2008-12-07 07:02:02', '19', '19'),
('20', '149', 'magni', 'Tenetur ut qui nisi velit reiciendis dolorum neque. Et dicta sunt ducimus itaque minus exercitationem mollitia commodi. Perferendis ratione veritatis facere.', '1984-08-12 06:22:31', '1980-01-10 20:08:43', '20', '20'),
('21', '150', 'ut', 'Facilis dolorum optio soluta molestiae quo quaerat rerum pariatur. Et quia culpa modi. Mollitia quam quo in.', '1991-09-30 03:22:59', '1976-06-22 09:53:13', '21', '21'),
('22', '151', 'enim', 'Quos dolore aut unde et. Ad magni quo occaecati incidunt dolores. Voluptates omnis cumque repellendus doloremque laudantium ducimus quaerat. Totam eveniet autem ut dignissimos sapiente iure eveniet. Sit quia id harum voluptates eos.', '1996-12-06 23:24:41', '2003-02-04 15:28:07', '22', '22'),
('23', '152', 'eligendi', 'Enim rerum quasi qui architecto. Ut cum sint nulla accusantium facere et consequuntur. Animi velit eveniet soluta in quod occaecati. Et debitis ut nam molestias aliquid sed quaerat.', '2015-02-17 03:07:55', '2000-04-25 14:22:26', '23', '23'),
('24', '153', 'eum', 'Dignissimos vel necessitatibus dolores aut nisi. Nesciunt quam officiis quia tenetur. Velit debitis assumenda nam quas et.', '1975-12-24 15:46:18', '1979-03-01 17:54:49', '24', '24'),
('25', '156', 'tempore', 'Repellendus at dolorem molestias omnis quod voluptate. Ipsam voluptatem quia dolor magnam ipsum alias velit dolore. Et sit pariatur enim dolor consequatur. Provident error sit pariatur quia id aut voluptates dolorem.', '1992-04-01 17:30:16', '2016-02-28 10:08:23', '25', '25'),
('26', '157', 'et', 'Vel aliquid fugiat rerum qui consequatur. Quis unde ut ea qui ducimus accusamus odio. Amet qui nihil unde illo aspernatur. Eius omnis ipsa minus sed incidunt necessitatibus ratione.', '2004-05-19 06:37:03', '1971-08-09 17:30:16', '26', '26'),
('27', '158', 'veritatis', 'Nam animi repellat eos minima. Rem rerum debitis voluptatem corrupti odio non. Dolore ducimus molestiae soluta ab aperiam necessitatibus atque. Autem consequatur ab natus temporibus eaque enim fuga autem.', '1997-07-14 08:11:30', '1994-03-01 13:09:53', '27', '27'),
('28', '160', 'sed', 'Maiores voluptas sunt deserunt id quo. Ipsum consequatur qui voluptatem cupiditate inventore nam. Eum animi voluptatibus vel nesciunt.', '1983-12-22 02:21:29', '2014-09-24 09:15:00', '28', '28'),
('29', '161', 'non', 'Voluptatibus ut quia porro sequi animi. Vitae modi consequatur et dolor. Error recusandae quam est. Voluptatum qui ratione quia magnam inventore.', '2007-06-12 02:00:59', '1999-02-07 03:52:47', '29', '29'),
('30', '162', 'maiores', 'Dolore veritatis a minus molestias enim veniam. Ut non vel quae nostrum qui natus. Velit impedit eligendi sed neque. Esse voluptates rerum alias dolorum debitis mollitia consequatur.', '1994-01-29 21:11:21', '2007-10-23 12:58:05', '30', '30'),
('31', '164', 'saepe', 'Excepturi rerum voluptate eveniet qui quos rerum. Dolor aspernatur laudantium dicta. Accusamus et molestiae at repellendus earum.', '2009-03-01 09:17:58', '1980-02-27 05:22:19', '31', '31'),
('32', '165', 'facere', 'Aperiam ab nostrum est quia facere fugiat fugiat. Architecto consequatur voluptates molestias ratione. Minima quo sapiente maxime molestias. Quasi eaque quidem aliquid est id quos in molestias.', '1981-10-17 08:18:20', '1989-08-08 09:08:09', '32', '32'),
('33', '166', 'ab', 'Quia iste qui quas consequatur at corrupti velit qui. Unde quia eligendi magni nihil minima ut nihil. Assumenda in praesentium suscipit iure. Magni accusamus blanditiis dolores nesciunt in qui ipsam.', '1972-08-18 01:03:41', '1978-12-02 22:23:35', '33', '33'),
('34', '168', 'accusamus', 'Beatae autem ullam aliquid exercitationem quia enim quis. Iste sapiente laboriosam saepe voluptas. Libero nemo quia non facilis.', '2000-08-22 15:45:55', '1987-06-10 21:18:23', '34', '34'),
('35', '169', 'vel', 'Mollitia animi est accusamus eaque aliquam aut. Explicabo temporibus voluptatibus expedita enim repudiandae. Ducimus consequatur perspiciatis iste est.', '1996-05-18 07:12:53', '1983-11-24 17:50:53', '35', '35'),
('36', '170', 'necessitatibus', 'Perspiciatis dignissimos veniam esse. Voluptate fugiat voluptas excepturi omnis ut cumque. Expedita ut non ut culpa amet.', '1985-03-19 05:54:11', '1982-12-21 22:05:31', '36', '36'),
('37', '171', 'aperiam', 'Quibusdam dolor eaque odio sed similique omnis illum. Sit saepe libero vel ipsum accusantium debitis placeat. Non maxime et illum facilis ut optio sed.', '1977-09-10 03:34:44', '2020-10-24 22:56:30', '37', '37'),
('38', '172', 'maxime', 'Asperiores voluptas ipsum distinctio mollitia aliquid autem. Maiores perferendis perspiciatis consequatur et quo aut. Autem et eaque distinctio id dicta saepe. Aliquam rerum eligendi architecto officia fuga. Quia eveniet voluptas omnis.', '2010-03-30 21:56:10', '1993-09-18 00:31:59', '38', '38'),
('39', '173', 'et', 'Quisquam aut omnis vitae similique beatae nesciunt repellat aspernatur. Beatae eum facere ut quia qui qui. Nulla earum provident unde similique sunt illum nihil.', '1978-01-07 17:02:04', '2014-01-19 03:13:00', '39', '39'),
('40', '174', 'corrupti', 'Sit soluta est commodi recusandae placeat et. Ad illum sed ut voluptas. Et illum eligendi ducimus molestiae vel. Dicta fugiat nulla quia omnis quos occaecati.', '2015-07-05 01:45:32', '1992-07-29 09:47:49', '40', '40'),
('41', '175', 'sunt', 'Vel explicabo similique vel sapiente maiores. Deleniti aut autem incidunt. Quia id et explicabo vero eaque et laudantium. Eos quo ipsum optio eius.', '1972-04-20 23:21:21', '1983-03-11 16:58:52', '41', '41'),
('42', '177', 'fugiat', 'Quisquam iste in aut nihil cupiditate. Molestiae dolorem delectus ipsam excepturi vitae. Voluptatem fugit eaque quos sit ex. Omnis eum et officia nemo dolor officia aliquam quaerat. Omnis et iusto minima non.', '2008-12-27 21:51:10', '2014-05-09 15:44:56', '42', '42'),
('43', '180', 'aperiam', 'Necessitatibus qui laboriosam exercitationem dolor voluptatibus velit excepturi. Magni eaque dolorem aut quis unde quaerat quaerat. Voluptatem non perspiciatis animi. Quibusdam sit quam delectus.', '1987-03-02 12:36:00', '2020-02-03 17:29:41', '43', '43'),
('44', '181', 'magni', 'Alias repellat et sunt vero. Voluptatem distinctio cumque eum. Cumque dolores sed eaque eos.', '2010-12-10 01:18:29', '2021-03-30 04:00:56', '44', '44'),
('45', '184', 'accusamus', 'Ut est cumque hic libero blanditiis. Id est id cumque accusantium officiis laudantium non ipsum. Ut fuga mollitia hic rem facere minima dolore in.', '2010-01-08 23:49:24', '1985-09-01 16:09:17', '45', '45'),
('46', '185', 'modi', 'Voluptas ab animi ad fuga molestias adipisci. Quos eos quas autem ut nobis consequatur et rerum. Maiores quis harum fugit consequatur.', '1977-08-26 03:27:47', '1999-08-08 11:04:02', '46', '46'),
('47', '188', 'quis', 'Temporibus doloribus et iure modi in amet quod. Eos facilis autem harum expedita velit. Id omnis harum incidunt dolor.', '2012-06-09 09:17:03', '2004-04-03 15:57:12', '47', '47'),
('48', '190', 'in', 'Dolorem iste accusamus vel consequatur. Dolor quas quisquam ipsum aperiam consequatur iusto molestiae. Quia corrupti quia qui quod non aut amet.', '2007-04-05 01:59:27', '2013-06-08 11:02:24', '48', '48'),
('49', '191', 'tenetur', 'Tempora commodi quae iste in odit adipisci sed. Nihil dolorum perferendis et similique accusamus deserunt harum. Molestiae ut assumenda autem quos nulla iusto.', '1991-02-18 23:08:38', '2012-05-14 20:36:48', '49', '49'),
('50', '194', 'rerum', 'Possimus soluta hic doloremque quia ratione sit id. Ducimus nihil suscipit aut nobis. Sint quo alias in atque molestiae. Nulla quasi et et.', '2019-07-14 13:49:42', '2018-07-25 14:18:14', '50', '50'),
('51', '195', 'et', 'Tenetur alias quasi praesentium qui. Et sapiente molestiae tenetur sed ut aut magni dolore. Rerum quidem et quasi ipsa doloribus quia. Distinctio omnis aspernatur voluptas saepe. Reprehenderit corrupti laborum ex explicabo.', '2001-01-29 09:23:40', '2000-11-10 10:34:46', '51', '51'),
('52', '196', 'ea', 'Voluptatem velit excepturi quis quod dolor sequi. Est aut excepturi et odio cumque. Aut nihil officia eligendi sequi doloribus odio.', '1971-11-03 02:48:15', '2001-10-22 11:15:03', '52', '52'),
('53', '197', 'est', 'Consequatur est ut fuga autem. Culpa libero incidunt veritatis. Consectetur quia inventore adipisci voluptatibus. Qui nulla expedita quis enim.', '2012-03-13 03:15:29', '1991-06-15 05:26:41', '53', '53'),
('54', '198', 'ut', 'In aliquam maxime ipsa qui in nesciunt sequi. Sunt eius dolor qui odio tempora aspernatur. Vero labore iste voluptatem et aperiam vitae.', '2020-02-17 06:49:29', '1976-05-29 05:09:06', '54', '54'),
('55', '199', 'corporis', 'Ad maiores rem voluptatibus rerum quia. Laborum molestiae et sequi. Rerum distinctio nihil ipsa voluptas a.', '1981-11-03 11:49:32', '1984-09-09 19:49:50', '55', '55'),
('56', '101', 'est', 'Enim rerum sequi id dicta numquam. Repudiandae porro ut enim vitae beatae. Et earum ipsam voluptatem. Dicta voluptas voluptate est.', '1993-08-10 11:20:34', '2007-10-23 03:31:27', '56', '56'),
('57', '103', 'molestiae', 'Voluptatem officia eveniet adipisci sint. Voluptates voluptas necessitatibus dignissimos nesciunt eaque est accusantium eum.', '1972-04-25 15:24:30', '2011-06-29 19:43:38', '57', '57'),
('58', '104', 'ex', 'Cupiditate odio nulla ea quia ut. Similique ipsa veniam sit tenetur. Nobis ipsa dicta earum inventore aliquid ut.', '1988-06-02 08:07:12', '1994-08-20 17:53:41', '58', '58'),
('59', '105', 'earum', 'Ea qui quia officia quas. Ipsum tenetur et excepturi distinctio aut corrupti. Autem inventore tempora ipsum quia veniam quos.', '1984-04-20 14:34:50', '1978-11-30 04:38:01', '59', '59'),
('60', '106', 'error', 'Ea et eaque officiis. Aut fugiat cumque expedita magni assumenda vero.', '2005-11-02 15:51:31', '2007-02-13 21:07:47', '60', '60'),
('61', '107', 'sit', 'Ut molestiae tenetur vitae expedita neque voluptas recusandae. Possimus id animi dolore aut. Voluptate vitae occaecati nostrum.', '1978-03-25 12:29:26', '2001-04-19 09:49:24', '61', '61'),
('62', '108', 'omnis', 'Rerum repellendus placeat cupiditate ratione inventore reiciendis aliquam. Velit sit et tempora delectus repellendus fuga. Mollitia laudantium omnis dolorem enim non libero voluptas. Amet aut ea eos provident et placeat.', '1975-12-20 22:38:28', '2007-04-01 06:04:34', '62', '62'),
('63', '109', 'enim', 'Officiis soluta culpa et doloremque blanditiis saepe dolores. Culpa suscipit amet corrupti facere deleniti minus dolore quam. Facere consequatur maiores rerum delectus. Esse magnam enim reiciendis accusamus.', '1990-02-13 00:50:29', '1977-12-04 17:13:59', '63', '63'),
('64', '111', 'magnam', 'Adipisci fugiat quia dolore aspernatur sed. Blanditiis repellat sed voluptas alias corporis ut vel. Fuga eum odit doloribus facilis autem aliquid itaque. Quos error tempore odit nesciunt.', '1990-03-05 23:06:22', '1995-04-24 17:37:41', '64', '64'),
('65', '122', 'neque', 'Non recusandae et et. Porro vitae a eum illo nesciunt. Molestiae doloremque magnam omnis quia earum magni ad. Quod omnis doloribus voluptatem laudantium minima.', '1996-03-04 00:38:00', '1997-10-29 22:01:01', '65', '65'),
('66', '123', 'suscipit', 'Consectetur aut similique porro qui et deserunt voluptate. Quae voluptas laboriosam aut veritatis et. Minus non fugiat tempora rerum eum cupiditate natus iure. Et explicabo impedit quos earum qui. Neque cupiditate nisi ad ut.', '1992-06-28 15:24:31', '1988-03-28 10:19:44', '66', '66'),
('67', '127', 'est', 'Nihil non rerum sit inventore. Omnis rerum sed nobis fuga. Voluptatem atque dolor quibusdam omnis suscipit necessitatibus. Vitae non ex atque reiciendis sit architecto.', '2015-01-06 19:45:45', '2002-08-31 07:53:11', '67', '67'),
('68', '128', 'minima', 'In quas vel eligendi quo possimus nulla. Blanditiis nesciunt voluptate sequi sit et. Accusamus iste quis nesciunt at.', '2014-02-03 06:44:21', '1995-02-19 08:35:50', '68', '68'),
('69', '134', 'consequatur', 'Quis labore quae harum provident. Et perspiciatis ut deserunt occaecati voluptatem dolorum delectus. Sit voluptatem odio voluptas et quis. Rerum aut cupiditate aut fugiat.', '2004-02-09 06:11:06', '1984-12-27 06:46:58', '69', '69'),
('70', '136', 'dicta', 'Et nam praesentium delectus ut dolorem velit. Cupiditate voluptas doloremque et quas adipisci. Alias nihil perspiciatis quia autem perspiciatis.', '2002-01-22 08:28:38', '2021-03-22 16:23:58', '70', '70'),
('71', '138', 'sit', 'Dolor impedit corrupti rerum non. Asperiores mollitia expedita beatae qui placeat nulla provident. Ipsa nobis enim dolorem rerum quo cupiditate.', '1996-05-29 18:34:44', '2000-12-26 01:26:35', '71', '71'),
('72', '139', 'maxime', 'Ea et distinctio veniam. Dolorem hic omnis nesciunt delectus accusantium. Quia quo aliquam quisquam consequatur et nostrum id. Numquam commodi ut aliquam in totam.', '2003-04-11 00:01:33', '1973-10-11 07:47:04', '72', '72'),
('73', '146', 'illo', 'Quis consequatur repudiandae nesciunt omnis ea quo at non. Veniam voluptas modi aut reprehenderit id inventore pariatur ea. Ut quae in et quia.', '1986-01-14 18:02:26', '2016-04-05 11:47:57', '73', '73'),
('74', '147', 'a', 'Esse qui est numquam ratione. Nisi ut ut doloribus at nostrum aut autem corporis. Reiciendis perspiciatis reprehenderit magnam.', '2003-08-10 17:57:08', '1978-08-07 15:44:47', '74', '74'),
('75', '149', 'ad', 'Voluptas quo quidem vitae. Dicta sint adipisci explicabo similique quis. Repellendus enim explicabo molestiae dolor officia accusamus.', '2016-06-16 23:43:48', '1986-03-12 12:26:45', '75', '75'),
('76', '150', 'rerum', 'Quidem harum et blanditiis possimus. Dolor quo dolorem aliquam aut quia impedit esse earum. Ea ratione ut sunt et sint natus quae.', '1995-06-03 22:21:05', '2014-11-27 09:23:24', '76', '76'),
('77', '151', 'id', 'Nisi molestiae nihil odio repellat qui consequatur. Non eum enim dolorum et ratione vitae. Facilis recusandae impedit ad debitis doloremque velit eos molestias. Quia repellat quisquam non eos.', '1998-04-09 05:05:34', '1975-04-11 20:29:24', '77', '77'),
('78', '152', 'sed', 'Magnam earum placeat est ea rerum possimus ducimus. Eius eos odio incidunt ipsa. Voluptatem est aut accusamus rerum fugit maxime ullam. Tempore aspernatur non repellendus ut maiores est sint.', '1977-10-22 18:43:02', '1997-12-28 18:43:47', '78', '78'),
('79', '153', 'illum', 'Excepturi blanditiis natus dolore deserunt sit tenetur. Deserunt ipsa id quia excepturi sed perspiciatis dolorem fugit. Quia maxime eligendi et incidunt vel voluptatem. Aut est ut quia id dicta adipisci.', '1982-08-09 00:05:30', '2019-06-26 07:32:52', '79', '79'),
('80', '156', 'saepe', 'Cupiditate velit consectetur dignissimos recusandae quis beatae. Quia tempora ut dolores et. Laborum quae eos expedita voluptas. Corrupti veniam quo quam sequi cum.', '1999-09-23 10:17:35', '1994-05-08 13:00:16', '80', '80'),
('81', '157', 'similique', 'Qui omnis eum in voluptates odit placeat excepturi. Eum harum molestiae debitis id. Dolores ea odio tempora. Eum sit nostrum ea exercitationem non voluptatem perferendis.', '1979-09-16 05:49:33', '1983-12-17 22:37:30', '81', '81'),
('82', '158', 'velit', 'Tempora facere eum voluptatem et dolorum. Fuga nostrum recusandae debitis perferendis. Qui incidunt dolores aut pariatur ex et. Unde ut expedita non ut.', '1984-06-08 22:59:19', '2009-01-05 14:01:19', '82', '82'),
('83', '160', 'quam', 'Consectetur ut dolor sunt dolore doloribus qui beatae accusamus. Magnam consectetur consequatur amet quibusdam dolorem esse nemo quis. Iusto et porro sapiente repellat et laudantium. Sit fugiat facilis laborum maxime.', '2015-09-11 23:48:39', '1998-06-17 08:25:25', '83', '83'),
('84', '161', 'facere', 'Non velit impedit neque atque non rerum et. Est est quasi voluptatibus amet. Accusamus et maiores autem aperiam voluptates. Maxime tempore amet est veritatis dolore.', '2000-07-06 06:51:28', '2003-08-26 09:09:20', '84', '84'),
('85', '162', 'ut', 'Doloremque ut amet deleniti soluta earum. Quis consequatur ut et vitae. Esse et repellendus mollitia maxime cumque iusto labore. Alias consequatur doloribus alias quos minima exercitationem.', '2001-08-01 01:31:19', '2005-09-28 17:21:39', '85', '85'),
('86', '164', 'quia', 'Corporis at occaecati rem debitis et. Non voluptas molestiae qui fugit. Ipsum quo rerum nihil atque voluptatem ea.', '1973-02-02 15:48:01', '2016-09-11 06:36:07', '86', '86'),
('87', '165', 'repudiandae', 'Et nostrum ullam perferendis. In ducimus rerum dolores quidem. Eaque architecto et vitae deleniti repellendus velit qui.', '1990-06-20 01:21:07', '2007-10-05 07:28:36', '87', '87'),
('88', '166', 'natus', 'Voluptas non ipsam aliquam in. Mollitia non reprehenderit nihil asperiores maiores ipsum.', '1982-05-24 21:04:16', '1994-08-28 02:07:02', '88', '88'),
('89', '168', 'vitae', 'Inventore expedita culpa libero. Enim sint aliquam incidunt voluptatem rerum unde. Consequatur ea aperiam laudantium ex error voluptatibus.', '1996-06-13 12:27:45', '1980-09-24 23:20:10', '89', '89'),
('90', '169', 'at', 'Optio magnam accusantium aut et commodi eum. Maxime temporibus placeat temporibus aut consectetur. Quis non consequatur ut sit recusandae. Non deleniti ullam id et harum qui.', '1981-11-10 21:21:49', '1993-04-09 08:21:56', '90', '90'),
('91', '170', 'earum', 'Assumenda quasi fugit unde temporibus nulla. Qui sed eveniet rem autem vel unde vel. Possimus et repellendus voluptatem provident ad. Laborum ut est explicabo repellendus.', '2014-11-09 09:37:59', '2014-03-20 23:28:24', '91', '91'),
('92', '171', 'nam', 'Accusamus qui facere quae occaecati consequatur quisquam alias. Eos similique eaque natus. Atque sit harum maiores consectetur consectetur aut qui voluptatum.', '1985-05-07 08:34:14', '1972-02-21 04:53:14', '92', '92'),
('93', '172', 'eum', 'Laudantium sequi qui eum saepe labore. Exercitationem inventore quia sint omnis. Earum architecto odio qui a.', '2010-02-22 00:11:28', '2004-01-03 14:01:20', '93', '93'),
('94', '173', 'porro', 'Expedita quo minus deserunt illo ea quod quam. Temporibus veritatis ut consequatur libero quibusdam nulla perspiciatis non. Praesentium voluptas sed eveniet modi quam. Totam assumenda aliquid at occaecati.', '1976-10-11 13:04:04', '2020-10-23 18:55:39', '94', '94'),
('95', '174', 'nam', 'Assumenda eum vel fugiat est asperiores. Aperiam unde dolorem consectetur aperiam vitae unde. Est deleniti ut ab facere dolorem dolorum nulla. Est dolorum facere sed aliquam.', '1978-12-01 07:20:01', '1979-06-28 07:43:32', '95', '95'),
('96', '175', 'dolorem', 'Qui similique error error facere enim corporis. Nesciunt ab quod minima error et. Temporibus consectetur repudiandae aut et officiis ut.', '2010-06-01 21:39:01', '2005-02-21 05:32:33', '96', '96'),
('97', '177', 'occaecati', 'Nihil neque architecto inventore aut. Inventore adipisci dolor aperiam dolores. Consequatur ut voluptas tenetur voluptas.', '1999-01-10 08:41:34', '1984-12-10 22:03:21', '97', '97'),
('98', '180', 'autem', 'Perspiciatis dolorem omnis beatae asperiores corporis sed doloribus. Delectus excepturi assumenda quia soluta sapiente. Eligendi harum magni cum neque dolores iure. Ut voluptates voluptatem inventore sunt est. Consectetur perferendis quod aut perferendis vel dolor.', '2012-12-17 03:06:04', '2013-06-19 06:57:03', '98', '98'),
('99', '181', 'nemo', 'Minus ipsa corrupti illum est quia. Et numquam fuga autem ut. Voluptatem tempora aut fugiat tempore qui et. Similique explicabo vitae quibusdam aut perspiciatis.', '1980-04-18 14:34:59', '1983-01-22 12:14:46', '99', '99'),
('100', '184', 'autem', 'Accusantium tempore consequatur officia ratione quis eius. Magni qui incidunt ut sunt nemo ut commodi.', '1980-07-23 00:04:50', '1982-05-30 09:16:15', '100', '100');

INSERT INTO `user_posts` VALUES
('101', '1'),
('101', '56'),
('103', '2'),
('103', '57'),
('104', '3'),
('104', '58'),
('105', '4'),
('105', '59'),
('106', '5'),
('106', '60'),
('107', '6'),
('107', '61'),
('108', '7'),
('108', '62'),
('109', '8'),
('109', '63'),
('111', '9'),
('111', '64'),
('122', '10'),
('122', '65'),
('123', '11'),
('123', '66'),
('127', '12'),
('127', '67'),
('128', '13'),
('128', '68'),
('134', '14'),
('134', '69'),
('136', '15'),
('136', '70'),
('138', '16'),
('138', '71'),
('139', '17'),
('139', '72'),
('146', '18'),
('146', '73'),
('147', '19'),
('147', '74'),
('149', '20'),
('149', '75'),
('150', '21'),
('150', '76'),
('151', '22'),
('151', '77'),
('152', '23'),
('152', '78'),
('153', '24'),
('153', '79'),
('156', '25'),
('156', '80'),
('157', '26'),
('157', '81'),
('158', '27'),
('158', '82'),
('160', '28'),
('160', '83'),
('161', '29'),
('161', '84'),
('162', '30'),
('162', '85'),
('164', '31'),
('164', '86'),
('165', '32'),
('165', '87'),
('166', '33'),
('166', '88'),
('168', '34'),
('168', '89'),
('169', '35'),
('169', '90'),
('170', '36'),
('170', '91'),
('171', '37'),
('171', '92'),
('172', '38'),
('172', '93'),
('173', '39'),
('173', '94'),
('174', '40'),
('174', '95'),
('175', '41'),
('175', '96'),
('177', '42'),
('177', '97'),
('180', '43'),
('180', '98'),
('181', '44'),
('181', '99'),
('184', '45'),
('184', '100'),
('185', '46'),
('188', '47'),
('190', '48'),
('191', '49'),
('194', '50'),
('195', '51'),
('196', '52'),
('197', '53'),
('198', '54'),
('199', '55');

INSERT INTO `comments` VALUES
('1', '101', 'Aut omnis animi et fugiat consectetur. Id consectetur aliquid ex reprehenderit et. Ad eos quibusdam laudantium et hic quia. Deserunt placeat incidunt aperiam.', '1987-12-05 05:32:46', '1994-11-13 08:29:32', '1', '1'),
('2', '103', 'Et et distinctio placeat unde. Omnis ipsum modi molestiae repellat blanditiis dolor nesciunt.', '1986-03-29 05:50:30', '1989-12-19 15:40:33', '2', '2'),
('3', '104', 'Odio in in mollitia corporis eaque omnis. Reiciendis neque et aspernatur modi ullam qui omnis. Et vel fugit omnis dolorum neque rem.', '1971-01-21 22:23:54', '2008-04-02 07:34:48', '3', '3'),
('4', '105', 'Officiis non tempora ullam temporibus aut dolorem. Minima beatae qui ut pariatur voluptatem dolorem. Facilis enim quaerat voluptatibus sint fugiat sit est.', '1990-01-12 19:10:17', '1974-09-13 01:21:22', '4', '4'),
('5', '106', 'Assumenda pariatur molestiae ratione temporibus iusto aut accusantium. Consequatur ab optio ut doloribus natus magnam aut. Laboriosam aut occaecati alias aut commodi autem voluptas. Enim qui saepe nemo doloribus totam neque qui inventore. Cumque ipsa et quo inventore accusamus quia.', '1986-10-18 20:08:49', '1999-03-19 20:31:38', '5', '5'),
('6', '107', 'Voluptas laboriosam atque et quos. Sit qui mollitia nobis quod soluta error neque sed. Tenetur est quis officiis eligendi. Aut quia quo consequatur minus exercitationem nisi nemo impedit.', '2015-11-28 07:58:12', '2006-08-08 17:30:40', '6', '6'),
('7', '108', 'Aut voluptatem deserunt accusamus facere. Qui temporibus mollitia eos nemo consequatur sint ducimus vel.', '1982-08-29 08:45:52', '1987-10-23 18:50:45', '7', '7'),
('8', '109', 'Occaecati totam alias autem aliquid similique voluptatem perferendis. Id nihil rerum iusto architecto id id. Sint aut id molestiae architecto.', '2000-06-30 12:01:36', '2001-07-21 16:22:26', '8', '8'),
('9', '111', 'Praesentium enim quibusdam eaque et fugiat tempora voluptatem. Eius harum rerum culpa aut. Maiores et rerum ipsum aut.', '1975-07-27 03:37:22', '1973-06-14 07:30:26', '9', '9'),
('10', '122', 'Ea voluptates praesentium quia minus dignissimos itaque vel facilis. Ut aut delectus quam aliquam autem. Rerum deleniti placeat eos nihil ipsum iusto natus. Rerum dolorum numquam nesciunt.', '1992-09-28 08:28:02', '2005-03-25 15:03:20', '10', '10'),
('11', '123', 'Voluptatem laudantium nostrum fugit quisquam vitae vel. Enim sit deleniti fugit aperiam. Adipisci suscipit voluptatibus sed aut delectus. Expedita qui rerum sit eligendi beatae. Vel eaque nihil suscipit accusamus sit praesentium.', '1983-11-08 03:14:13', '1970-01-26 13:22:02', '11', '11'),
('12', '127', 'Et maxime earum aut eos asperiores aut. Est occaecati architecto enim. Nam provident facere et perspiciatis ut.', '1972-10-11 19:08:05', '1971-05-04 16:25:23', '12', '12'),
('13', '128', 'Aliquam vel molestiae ea occaecati dolorem deserunt quidem sint. Dolorem magni quia et et exercitationem esse qui. Earum tenetur velit consequatur et sunt et voluptatum. A ea provident impedit voluptatem dolor dolores necessitatibus.', '2007-10-11 21:23:22', '2017-12-07 22:56:51', '13', '13'),
('14', '134', 'Qui consequuntur officia ipsum eum illo. Soluta ipsa recusandae nulla in. Quia sit atque dolore explicabo. Dolore at qui nam fugiat deserunt.', '2020-07-24 16:11:37', '1983-09-17 10:08:08', '14', '14'),
('15', '136', 'Consectetur quasi nulla quae numquam in. Necessitatibus cupiditate aut blanditiis vero perspiciatis fuga ipsam ea. Iure et ut eum est natus asperiores maxime. Sed quo impedit cupiditate.', '1985-11-30 17:29:31', '2004-12-16 23:47:25', '15', '15'),
('16', '138', 'Et esse repudiandae animi id et et adipisci ut. Eos qui et et atque qui accusamus. Rem quo explicabo aut non quam quis. Perferendis eaque ex facere dignissimos quae vitae et nam.', '1986-11-08 16:36:03', '1990-07-29 08:27:08', '16', '16'),
('17', '139', 'Nisi amet expedita saepe eius sequi odit. Optio ut voluptas aliquam suscipit similique voluptatem. Quis qui esse architecto ullam. Voluptate amet sequi omnis praesentium qui assumenda.', '1975-08-19 02:51:41', '2006-05-16 05:45:29', '17', '17'),
('18', '146', 'Non amet autem deserunt doloribus nihil aut. Cum atque enim sint rerum culpa. Assumenda repellat fugit blanditiis quia similique omnis. Eveniet consequatur aut inventore enim.', '1996-01-03 02:21:52', '2020-04-11 05:56:17', '18', '18'),
('19', '147', 'Quo maxime necessitatibus incidunt sint. Sapiente totam labore dolor eum. Quia at et consequuntur corporis quibusdam nesciunt in consequatur. Nemo ipsam est consequatur qui velit amet.', '1990-12-24 20:23:23', '1983-11-07 13:41:36', '19', '19'),
('20', '149', 'Provident recusandae libero eaque sequi iusto ullam. Sequi corrupti officia deserunt similique incidunt voluptates. Corrupti aperiam doloremque quidem earum. Cumque sint nisi impedit tempore eveniet voluptatum voluptates sapiente.', '2007-01-20 07:58:20', '2007-11-04 19:42:39', '20', '20'),
('21', '150', 'Rerum dolorem voluptates voluptatem impedit. Voluptatem ratione sint alias impedit. Ipsum et unde et ex quia deleniti perspiciatis ut. Voluptatibus quo ut fugit qui repellendus fugiat.', '1997-10-09 04:18:57', '1982-06-11 17:04:09', '21', '21'),
('22', '151', 'Accusamus odio provident tenetur ea. Fugit debitis quaerat ad non quo ipsum. Qui velit et doloribus voluptatem id.', '1985-05-25 19:13:34', '1977-11-23 00:09:03', '22', '22'),
('23', '152', 'Consectetur corrupti sit et voluptas officiis quidem. Omnis illo officia explicabo qui hic explicabo nesciunt. Aut officiis sed quia a commodi. Veritatis hic doloribus earum autem adipisci laborum tempore.', '2002-04-16 11:25:59', '2004-01-30 21:01:11', '23', '23'),
('24', '153', 'Et perspiciatis dolore quo cumque sit. Error ut dolorem quod vel nesciunt.', '2010-01-01 15:22:25', '2004-01-24 07:51:44', '24', '24'),
('25', '156', 'Sed itaque praesentium sed illum rem. Eveniet quia expedita soluta mollitia numquam dolores alias pariatur. Vero ab voluptatem et illo voluptas labore. Voluptates laborum quibusdam natus rerum.', '2012-11-27 07:23:50', '1995-08-13 17:47:18', '25', '25'),
('26', '157', 'Dolor ea deleniti similique dolor. Est nobis et autem eaque excepturi. Magni fugit porro magnam eos dignissimos. Quae sunt natus incidunt facere eligendi velit at. Magni quasi ut voluptatem praesentium ducimus.', '1976-04-10 23:17:57', '1997-05-31 05:17:59', '26', '26'),
('27', '158', 'Corrupti dolorem voluptate aliquid a. Consequatur velit ut facilis totam ipsa excepturi. Est enim molestiae dolor dolorem.', '2012-08-01 07:36:44', '2010-07-23 10:59:36', '27', '27'),
('28', '160', 'Repellendus sint recusandae nam ducimus odio. Labore non consequatur et rem repellendus.', '2012-03-07 16:32:22', '1975-07-02 10:20:38', '28', '28'),
('29', '161', 'Est expedita rerum sunt aut maxime. Corporis amet eveniet inventore atque. Porro temporibus voluptatem mollitia nemo et nihil maiores.', '2004-10-08 07:30:03', '1971-12-02 01:27:41', '29', '29'),
('30', '162', 'Odio qui architecto expedita dolores accusantium nam et. Quas delectus ipsa consectetur atque atque illo architecto. Incidunt illo ad ut atque ea recusandae voluptatibus. Aspernatur odit dolores incidunt eaque sint.', '2003-11-07 19:55:46', '2012-04-30 11:56:00', '30', '30'),
('31', '164', 'Inventore facere natus praesentium neque. Et nisi ut blanditiis itaque in qui. Excepturi officia possimus et.', '1975-07-18 08:54:18', '1989-03-27 19:23:03', '31', '31'),
('32', '165', 'Omnis nihil reprehenderit ut esse cumque. Mollitia praesentium est architecto ipsa rerum. Tempora eos quis perspiciatis enim doloremque aperiam dolor. Officia qui incidunt ut nihil illum deleniti.', '2015-03-02 14:30:43', '1979-09-24 01:28:28', '32', '32'),
('33', '166', 'Qui quod doloremque possimus qui natus provident minima ea. Cumque eum minus temporibus vel. Occaecati iusto est non et aut ex laborum.', '1986-08-26 13:46:44', '2002-04-26 00:40:35', '33', '33'),
('34', '168', 'Et autem explicabo eos quis voluptatem. Odit vel quisquam nemo ipsa vitae est. Fugiat optio et libero libero autem. Ut blanditiis a amet. Est tenetur minima iusto quod est odit.', '2010-06-08 00:14:36', '2009-10-22 10:44:22', '34', '34'),
('35', '169', 'Omnis et voluptas sint numquam suscipit aut quo. Ut dignissimos recusandae assumenda nemo dolores facere rem autem. Ullam ut quos quibusdam tempore sint culpa.', '2015-02-02 04:24:04', '1974-06-10 22:18:56', '35', '35'),
('36', '170', 'Laudantium commodi quidem dolor natus laborum et. Voluptatem debitis incidunt tempore molestias beatae id saepe. Consequatur blanditiis velit illum odit deserunt. Placeat eum expedita voluptas consequatur enim cumque.', '1989-02-08 23:22:11', '1987-11-01 13:31:00', '36', '36'),
('37', '171', 'Architecto sint in perspiciatis et ipsa voluptas non. Sequi quis facere est ut. Eaque maiores ab et et earum quia explicabo. Sit quae a nam quibusdam.', '2018-02-25 22:30:55', '1972-07-23 18:12:16', '37', '37'),
('38', '172', 'Dicta dolorem iste vero atque in facere temporibus. Autem corporis alias dolorem aspernatur et. Iusto excepturi dolores illo consequatur qui quod consequatur.', '1974-02-23 06:45:09', '2008-01-09 11:49:45', '38', '38'),
('39', '173', 'Non eos atque amet sequi voluptas saepe. Quo harum quis perferendis et quis tempore. Omnis voluptas dolorem porro. Nihil consequatur quia nostrum sequi.', '1973-04-23 20:46:58', '2015-10-23 15:03:04', '39', '39'),
('40', '174', 'Sit ut dolore cumque accusamus rerum soluta. Suscipit eos praesentium suscipit. Similique iure natus eos facilis quis explicabo aut. Nihil sit consequatur saepe velit nesciunt.', '2002-03-09 19:49:53', '1981-05-16 17:42:14', '40', '40'),
('41', '175', 'Enim nam eius hic voluptatum dolores et repudiandae. Sint suscipit eos dolor eum consectetur. Eos iure temporibus at possimus nulla deserunt.', '2003-01-26 15:19:13', '1990-05-11 09:46:51', '41', '41'),
('42', '177', 'Commodi incidunt laudantium nesciunt aut et. Non voluptates voluptatem doloremque minima amet non. Autem qui eos quod vel tempora molestiae omnis.', '1993-08-09 08:55:45', '1980-09-18 20:49:11', '42', '42'),
('43', '180', 'Et doloremque voluptatem est vel. Animi non aspernatur quia blanditiis tempore. Deserunt corporis quam exercitationem voluptas officiis. Expedita ad eaque ratione.', '1971-07-11 03:27:04', '2002-05-22 03:41:16', '43', '43'),
('44', '181', 'Omnis ut autem voluptatibus omnis. Et est earum consequatur cum. Molestias voluptatem rerum doloremque perspiciatis fugiat. Dolor est accusamus quod facere.', '2016-01-09 01:10:15', '2017-10-17 18:40:59', '44', '44'),
('45', '184', 'Harum delectus eum vero iste natus et. Et assumenda dolor quaerat voluptatem natus et nobis. Placeat qui provident esse porro aspernatur.', '1970-05-05 18:11:33', '2011-06-30 21:12:14', '45', '45'),
('46', '185', 'Cum odit voluptas sunt fugiat. Adipisci deserunt doloribus aut necessitatibus vel cumque magnam. Nesciunt eum consectetur laudantium rerum possimus.', '1989-12-28 10:37:55', '1980-10-21 16:15:33', '46', '46'),
('47', '188', 'Cumque molestiae rerum tenetur itaque enim qui ut quaerat. Quia sapiente numquam dolore est animi optio. Quia ut at quo dolores in natus id. Corrupti ad iusto et beatae cumque sit accusamus asperiores.', '1991-07-30 00:45:31', '1994-08-14 04:52:45', '47', '47'),
('48', '190', 'Exercitationem dolor sit officiis est. Quis aliquam accusamus earum quidem illo necessitatibus.', '2009-07-09 09:25:43', '2016-10-19 10:53:42', '48', '48'),
('49', '191', 'Tempora quam nobis dignissimos vitae. Sit aut harum praesentium voluptatem. Laudantium sed ipsam labore pariatur doloribus sed.', '2014-10-07 08:17:05', '1970-07-03 05:30:24', '49', '49'),
('50', '194', 'Porro harum ea provident cum voluptate sit iure reprehenderit. Sunt omnis velit dolore sequi dolore. Quam sed dolor voluptates et excepturi corrupti laboriosam.', '1994-08-04 04:46:19', '1991-07-02 01:23:11', '50', '50'),
('51', '195', 'Sed aut sequi porro perspiciatis veritatis repellat eligendi. Illum quia harum perferendis illum blanditiis aut non. Adipisci laudantium porro quidem consequatur. Recusandae officia adipisci velit quia voluptatem.', '1999-01-26 11:50:00', '1984-06-09 23:54:32', '51', '51'),
('52', '196', 'Nostrum qui repellat illum pariatur. Sunt quis vel qui veniam ad id. In eum voluptatum sit exercitationem sit placeat nobis. Et voluptatem expedita voluptatem facilis explicabo sit.', '1995-11-05 15:48:56', '1978-06-07 06:13:03', '52', '52'),
('53', '197', 'Et quas cum aliquid possimus. Fugit aut autem error tempora sit impedit veritatis. Omnis nihil quia fuga.', '1996-07-21 05:26:56', '2003-11-24 13:36:30', '53', '53'),
('54', '198', 'Nostrum fugit qui a et maxime quod unde qui. Excepturi laudantium suscipit rerum quo culpa.', '1972-12-18 07:43:31', '1977-12-12 04:32:41', '54', '54'),
('55', '199', 'Voluptatem velit ullam autem enim voluptas dicta quis fugiat. At delectus aut explicabo aut iusto aut. Deleniti iusto nisi sunt voluptatum odit ratione aperiam. Saepe velit et placeat qui.', '2019-05-22 13:10:25', '1972-03-16 11:15:01', '55', '55'),
('56', '101', 'Laborum laudantium cumque eos qui saepe quas. Ipsa quidem dolore aut.', '1989-02-08 23:28:39', '2007-10-23 10:31:10', '56', '56'),
('57', '103', 'Laboriosam autem vel hic adipisci perspiciatis rerum. Velit est mollitia molestiae ut. Omnis voluptatem illo id fugiat sit consequatur. Qui sequi ut eius perspiciatis.', '1985-12-22 03:49:39', '1992-05-31 20:28:25', '57', '57'),
('58', '104', 'Magni porro id laboriosam commodi sed laboriosam. A doloremque cupiditate ut accusantium et. Aut repellat expedita consequuntur impedit dolores consequatur enim.', '2002-12-04 21:11:25', '2017-05-02 08:50:38', '58', '58'),
('59', '105', 'Et qui non atque rerum deserunt sapiente molestias. Reprehenderit debitis eligendi reiciendis sapiente animi cum.', '2016-09-13 21:16:20', '1992-06-13 20:29:15', '59', '59'),
('60', '106', 'Labore provident soluta laborum maxime. Rem dolore culpa nulla et fuga laudantium. Fuga consequatur aut consequuntur ad.', '1992-03-02 04:25:49', '2011-10-09 14:03:00', '60', '60'),
('61', '107', 'Pariatur distinctio rerum ullam natus ex iure repellendus. Qui suscipit incidunt enim aut in blanditiis aut. Quasi quia sapiente placeat. Totam qui qui sint doloribus eos.', '2007-11-06 03:57:32', '1972-03-08 21:14:28', '61', '61'),
('62', '108', 'Officia sequi impedit voluptates natus animi quae exercitationem. Consequatur culpa excepturi consequatur nam asperiores. Aut et architecto deleniti cum. Quia sint debitis dignissimos necessitatibus.', '2014-09-23 20:49:47', '1993-06-08 23:54:38', '62', '62'),
('63', '109', 'Enim nesciunt provident commodi voluptatem pariatur. Debitis doloremque fuga reiciendis. Optio minus nobis enim vero.', '2010-03-31 15:16:26', '1996-02-09 06:35:05', '63', '63'),
('64', '111', 'Eos tenetur assumenda mollitia distinctio laborum rerum. Assumenda adipisci velit quibusdam quisquam. Incidunt eos et vitae possimus hic consectetur voluptas nihil.', '2013-06-27 20:25:25', '1990-06-07 01:02:14', '64', '64'),
('65', '122', 'Aspernatur necessitatibus dolorem eos quam et. Iste sed ut dicta. Id eum animi voluptates magni error. Tenetur repellat vel aut eos quia.', '1999-04-15 17:16:22', '1978-07-28 01:05:45', '65', '65'),
('66', '123', 'Dolores et facilis nesciunt illo. Accusantium enim nemo quibusdam vitae cupiditate ut. Doloremque et commodi id quis ducimus quia et aliquid.', '1996-10-17 18:48:51', '2018-04-30 03:25:06', '66', '66'),
('67', '127', 'Adipisci recusandae dolores commodi perspiciatis eaque. Ipsam tenetur numquam dolorum in esse eum perspiciatis quia. Doloremque voluptatem soluta reprehenderit dicta dignissimos laborum sequi. Enim incidunt quia officia ex quia eligendi. Deleniti quos sunt modi atque vero ipsa inventore.', '2004-09-14 10:40:09', '1980-09-14 10:20:40', '67', '67'),
('68', '128', 'Unde maxime enim quis. Ex quaerat deleniti facilis quod. Recusandae odit voluptates commodi sint sint. Ipsum soluta omnis eum sed molestias.', '1977-12-05 06:29:24', '1970-05-03 04:38:31', '68', '68'),
('69', '134', 'Commodi dolorum voluptatem ipsam qui aut. Non maiores et omnis nisi sapiente sint voluptas.', '1990-11-23 18:17:01', '2015-06-11 05:18:36', '69', '69'),
('70', '136', 'Qui esse sed beatae neque est qui. Quidem accusamus est nisi. Suscipit alias deleniti autem. Voluptatibus porro nobis dolor quae voluptatum sunt asperiores.', '2013-10-14 02:30:00', '2021-04-10 00:12:26', '70', '70'),
('71', '138', 'Repellendus expedita saepe molestias id voluptatem ut odit. Quisquam eveniet consectetur labore molestiae est. Dolorem et distinctio illum dolor quas.', '1977-11-02 04:19:28', '2004-12-19 23:54:01', '71', '71'),
('72', '139', 'Quo aut sed sit est ut cupiditate nihil. Quia culpa praesentium error omnis et. Ipsa dolores totam nihil in. Aliquam ipsum molestiae eligendi nam.', '1983-09-13 06:50:19', '2018-04-14 02:49:50', '72', '72'),
('73', '146', 'Similique nostrum neque possimus distinctio voluptas quidem laboriosam iusto. Est eum repudiandae enim. Dicta odio officia architecto accusantium amet vero accusantium.', '1983-11-05 03:23:42', '2017-11-09 06:34:18', '73', '73'),
('74', '147', 'Inventore facere sed eveniet nulla. Ad eius cum quos facilis ex. Eaque et iure ab est. Doloribus nam cumque dicta deserunt.', '2009-09-05 00:02:04', '2000-05-23 05:28:37', '74', '74'),
('75', '149', 'Aspernatur nihil error dolore dolorum. Non vero magnam recusandae voluptatum.', '1992-06-25 18:42:48', '1977-03-01 13:05:35', '75', '75'),
('76', '150', 'Ipsam est cumque assumenda dolor. Unde dicta est voluptatem est eum occaecati ut aut. Ex et autem minima expedita molestiae dicta. Quia delectus aut praesentium amet iusto placeat amet.', '1971-10-18 08:03:32', '2005-03-26 16:28:08', '76', '76'),
('77', '151', 'Molestiae velit ut rerum ea commodi quas. Et adipisci possimus impedit in. Autem voluptate dolor quam ipsum aut dolor atque sint.', '1973-02-22 06:21:59', '2014-11-21 19:56:09', '77', '77'),
('78', '152', 'Eum et dolores deleniti rerum tempore. Quos est dolorem et quis. Aperiam omnis quae qui doloremque quia tempore quia.', '1988-07-18 17:49:57', '1986-07-20 18:17:16', '78', '78'),
('79', '153', 'Reprehenderit aliquid non qui fuga vel iure quia. Alias necessitatibus tempore sunt omnis. Omnis accusantium eaque corporis. Praesentium ipsum saepe est quaerat.', '2019-11-23 04:52:02', '2003-02-19 00:08:29', '79', '79'),
('80', '156', 'Et consequatur asperiores nesciunt nostrum reprehenderit corrupti laboriosam. Quo quae aspernatur est voluptatum reiciendis consequatur qui. Non perferendis voluptatem quam maxime maiores earum qui. Porro sapiente qui placeat provident enim quia rem rerum.', '2002-09-22 20:07:35', '1988-06-02 16:04:18', '80', '80'),
('81', '157', 'Aut non velit aliquid incidunt facilis. Et aut est ipsa possimus. In ad id atque voluptatum dolores ipsa.', '2019-04-22 00:29:50', '2011-08-29 05:12:19', '81', '81'),
('82', '158', 'Quo laborum itaque cum id. Quia itaque incidunt autem omnis voluptatem. Saepe nihil est ab doloribus.', '2002-01-27 19:31:47', '1970-10-23 16:20:03', '82', '82'),
('83', '160', 'Quia quia minus a corrupti sit aperiam consequuntur. Sit earum voluptate iste assumenda autem consequatur ut. Consequatur molestias distinctio odio quos culpa a non.', '1995-10-04 22:21:13', '1998-05-16 09:12:40', '83', '83'),
('84', '161', 'Quasi perferendis quaerat nam exercitationem qui. Animi est eveniet asperiores assumenda quis et. Sed sint ut voluptatum sapiente omnis vero.', '1971-06-13 00:40:31', '2006-06-19 15:36:55', '84', '84'),
('85', '162', 'Omnis minima ullam in occaecati illum ipsam distinctio. Pariatur at sit totam libero possimus ut nam.', '2003-10-28 07:45:57', '1986-11-11 02:09:26', '85', '85'),
('86', '164', 'Cupiditate delectus aut corporis aspernatur quia inventore praesentium. Et eos beatae ex quia. Explicabo molestias doloremque est vel quo id id. Dolor tempora omnis cupiditate enim nesciunt animi.', '2006-05-13 17:59:10', '2011-06-19 01:28:28', '86', '86'),
('87', '165', 'Autem minima eligendi aliquid est doloribus officia. Omnis necessitatibus ut rerum quasi voluptate officiis. Ullam cum possimus est voluptatem commodi nobis provident. Quae repellendus laborum in quia.', '2001-03-22 01:23:16', '1972-02-25 21:04:51', '87', '87'),
('88', '166', 'Molestiae ut sit earum eligendi et. Odio iure doloremque et odio. Quis nemo eos ut qui ipsum adipisci vero. Aliquam fugiat illo illum natus molestiae eum voluptatem omnis.', '1975-05-12 14:37:28', '1989-10-23 12:27:23', '88', '88'),
('89', '168', 'Non est aspernatur qui veritatis doloremque corporis. Quas nisi temporibus et occaecati. Commodi quia suscipit et ipsa. Quae est voluptas commodi cumque voluptatibus iure.', '2019-06-12 11:02:09', '2013-02-16 16:15:06', '89', '89'),
('90', '169', 'Commodi aut magnam et earum impedit molestiae. Magni quis autem velit. Repellendus similique debitis et repellat.', '2010-01-09 12:12:53', '1973-06-24 12:10:59', '90', '90'),
('91', '170', 'Iure a nulla soluta possimus ab. Ut ipsa sed possimus voluptas illum sit aut. Vel voluptatem nobis facilis odit ut praesentium accusamus. Neque ut illo quam odit.', '1976-07-29 21:13:58', '2010-05-25 10:18:04', '91', '91'),
('92', '171', 'Et dolores est ex eum dolorem eaque. Qui magnam esse voluptatibus delectus. Magnam cumque doloremque aspernatur. Nisi perferendis omnis similique aspernatur nam.', '2002-06-21 15:20:54', '1976-02-15 01:16:10', '92', '92'),
('93', '172', 'Autem est pariatur aspernatur amet. Dicta quaerat aliquid corrupti nemo quis quasi ut. Accusantium hic ut ducimus odit autem officiis et. Nam cum quibusdam delectus omnis.', '1995-08-08 19:04:36', '2016-10-22 13:58:32', '93', '93'),
('94', '173', 'Unde et eveniet aut sed neque. Quam et eveniet quisquam culpa similique in perspiciatis. Dolor possimus odit sint.', '1993-04-05 03:27:05', '1979-03-23 06:55:21', '94', '94'),
('95', '174', 'Vel sit omnis cupiditate. Excepturi non excepturi sit omnis autem omnis asperiores. Sit ut sit accusamus numquam dolore cumque.', '2004-11-24 05:10:52', '1971-04-22 14:32:45', '95', '95'),
('96', '175', 'Ut vero quia distinctio itaque et. Veniam illum non totam. Necessitatibus aut earum eum corrupti veniam asperiores sint minus. Minima iste quae omnis vel qui.', '1977-09-11 21:51:54', '2006-01-24 11:45:15', '96', '96'),
('97', '177', 'Recusandae quidem necessitatibus eum mollitia ut suscipit illum. Corporis nam qui maiores nulla. Excepturi praesentium velit magnam.', '1980-11-08 11:27:18', '1981-04-05 13:54:31', '97', '97'),
('98', '180', 'Molestiae ratione et dolor non minus expedita. Voluptas voluptas eum eius sequi inventore quas. Explicabo maiores cumque voluptatem et dolorem consequatur vitae. Beatae ex qui nisi asperiores tempora quia ipsam.', '1988-05-22 16:12:30', '1985-07-18 05:06:02', '98', '98'),
('99', '181', 'Dolorem nesciunt quis occaecati impedit magnam et est. Nam dolores ullam officiis et. Sit facere quia autem perspiciatis accusamus omnis molestias rerum.', '1973-01-20 17:25:53', '1971-10-23 05:56:48', '99', '99'),
('100', '184', 'Voluptatem quia quis dolorem soluta deleniti rerum. Molestiae ea et placeat quis omnis. Nihil aliquam amet hic voluptates sit ea illo. Eum modi accusantium sunt unde nostrum.', '2016-04-26 19:09:14', '2014-08-21 19:09:40', '100', '100');

INSERT INTO `likes` VALUES
('1', '101', '1', '2020-07-03 06:30:36', '1'),
('2', '103', '2', '1977-03-31 02:51:30', '2'),
('3', '104', '3', '2018-02-17 02:30:05', '3'),
('4', '105', '4', '2016-12-22 04:06:58', '4'),
('5', '106', '5', '1991-03-30 13:01:38', '5'),
('6', '107', '6', '2010-08-21 22:00:40', '6'),
('7', '108', '7', '1972-05-01 10:57:21', '7'),
('8', '109', '8', '2015-03-24 07:39:45', '8'),
('9', '111', '9', '2011-09-12 22:23:34', '9'),
('10', '122', '10', '2018-10-29 10:17:16', '10'),
('11', '123', '11', '2009-05-20 07:26:22', '11'),
('12', '127', '12', '1973-07-28 17:09:19', '12'),
('13', '128', '13', '2003-10-29 00:34:34', '13'),
('14', '134', '14', '1976-02-22 00:09:28', '14'),
('15', '136', '15', '1992-07-06 19:45:25', '15'),
('16', '138', '16', '1975-06-11 18:00:25', '16'),
('17', '139', '17', '1979-08-30 03:55:52', '17'),
('18', '146', '18', '2005-12-28 07:44:43', '18'),
('19', '147', '19', '2005-07-01 18:14:47', '19'),
('20', '149', '20', '1999-03-26 17:39:48', '20'),
('21', '150', '21', '1982-07-15 04:47:25', '21'),
('22', '151', '22', '1977-05-05 15:23:23', '22'),
('23', '152', '23', '1982-12-29 23:01:02', '23'),
('24', '153', '24', '2012-07-16 04:39:08', '24'),
('25', '156', '25', '1993-05-27 17:07:08', '25'),
('26', '157', '26', '2011-03-09 01:29:27', '26'),
('27', '158', '27', '1974-09-11 02:08:43', '27'),
('28', '160', '28', '2010-02-12 12:50:00', '28'),
('29', '161', '29', '2017-09-19 15:43:11', '29'),
('30', '162', '30', '1972-04-27 09:00:19', '30'),
('31', '164', '31', '1971-04-07 18:54:52', '31'),
('32', '165', '32', '1996-09-30 19:48:50', '32'),
('33', '166', '33', '2008-11-29 09:03:32', '33'),
('34', '168', '34', '2002-05-22 18:55:37', '34'),
('35', '169', '35', '1971-01-06 14:26:49', '35'),
('36', '170', '36', '1990-07-21 11:53:02', '36'),
('37', '171', '37', '2009-01-28 04:03:54', '37'),
('38', '172', '38', '2015-03-28 16:52:36', '38'),
('39', '173', '39', '1987-03-26 10:15:49', '39'),
('40', '174', '40', '1982-01-30 09:22:19', '40'),
('41', '175', '41', '2006-01-28 18:59:44', '41'),
('42', '177', '42', '1973-12-19 12:16:18', '42'),
('43', '180', '43', '1995-07-09 07:06:27', '43'),
('44', '181', '44', '1979-01-27 03:27:52', '44'),
('45', '184', '45', '1977-02-19 16:22:49', '45'),
('46', '185', '46', '1974-08-04 09:20:05', '46'),
('47', '188', '47', '1992-10-28 06:33:28', '47'),
('48', '190', '48', '2008-12-15 14:21:21', '48'),
('49', '191', '49', '1994-09-07 04:48:46', '49'),
('50', '194', '50', '1993-11-12 13:35:07', '50'),
('51', '195', '51', '1988-06-18 06:12:43', '51'),
('52', '196', '52', '1977-10-12 10:34:05', '52'),
('53', '197', '53', '1997-05-28 11:16:14', '53'),
('54', '198', '54', '2008-12-02 11:36:05', '54'),
('55', '199', '55', '1997-11-18 00:10:14', '55'),
('56', '101', '56', '1970-08-23 22:09:02', '56'),
('57', '103', '57', '1973-08-04 15:45:44', '57'),
('58', '104', '58', '1970-07-29 02:07:01', '58'),
('59', '105', '59', '1998-01-09 00:47:21', '59'),
('60', '106', '60', '1970-06-19 19:22:21', '60'),
('61', '107', '61', '1987-06-16 23:42:37', '61'),
('62', '108', '62', '1981-03-26 21:53:27', '62'),
('63', '109', '63', '1992-05-31 17:13:44', '63'),
('64', '111', '64', '2019-06-18 09:08:58', '64'),
('65', '122', '65', '1983-07-07 15:17:06', '65'),
('66', '123', '66', '2002-01-30 02:06:27', '66'),
('67', '127', '67', '1997-09-02 06:10:17', '67'),
('68', '128', '68', '2002-04-18 23:15:27', '68'),
('69', '134', '69', '2014-01-08 14:56:25', '69'),
('70', '136', '70', '2000-02-21 15:52:12', '70'),
('71', '138', '71', '1990-05-26 23:27:56', '71'),
('72', '139', '72', '1971-09-30 15:27:54', '72'),
('73', '146', '73', '1982-07-12 19:20:31', '73'),
('74', '147', '74', '1986-07-27 21:57:47', '74'),
('75', '149', '75', '1971-02-15 12:12:54', '75'),
('76', '150', '76', '1992-09-11 11:49:33', '76'),
('77', '151', '77', '2010-01-06 02:41:16', '77'),
('78', '152', '78', '2016-10-13 22:49:13', '78'),
('79', '153', '79', '1980-08-08 07:09:42', '79'),
('80', '156', '80', '2004-06-07 21:24:43', '80'),
('81', '157', '81', '2012-01-07 04:28:55', '81'),
('82', '158', '82', '1974-08-18 14:20:29', '82'),
('83', '160', '83', '1979-07-02 17:09:05', '83'),
('84', '161', '84', '1988-11-30 16:51:40', '84'),
('85', '162', '85', '1982-08-08 04:12:10', '85'),
('86', '164', '86', '2004-09-04 15:02:08', '86'),
('87', '165', '87', '1985-11-27 13:10:48', '87'),
('88', '166', '88', '2016-10-16 06:32:11', '88'),
('89', '168', '89', '2001-07-16 21:17:32', '89'),
('90', '169', '90', '1989-03-10 00:52:04', '90'),
('91', '170', '91', '2013-04-21 04:40:45', '91'),
('92', '171', '92', '1981-07-27 22:36:09', '92'),
('93', '172', '93', '1973-08-23 05:49:40', '93'),
('94', '173', '94', '2019-11-15 20:28:52', '94'),
('95', '174', '95', '2011-06-20 09:14:48', '95'),
('96', '175', '96', '2010-11-24 19:33:20', '96'),
('97', '177', '97', '1987-05-07 04:26:29', '97'),
('98', '180', '98', '2017-04-19 23:02:23', '98'),
('99', '181', '99', '2010-08-08 01:06:07', '99'),
('100', '184', '100', '1988-11-08 07:59:58', '100');

INSERT INTO `messages` VALUES
('302', '103', '198', 'Qui ex velit laboriosam iste qui natus eius. Voluptatem dolorem possimus eum quos. Quae labore voluptatem magnam fuga quasi id.', '2019-08-10 04:49:31'),
('303', '104', '101', 'Quibusdam qui cum ut qui. Ea quisquam libero temporibus fugiat. Quidem in illum eos error. Dicta architecto pariatur impedit et dignissimos sunt voluptatum.', '2009-05-05 22:21:32'),
('304', '105', '138', 'Iste sed accusantium libero et. Cum et numquam et asperiores explicabo quasi quia. Officiis aperiam et enim rerum voluptas totam.', '1991-07-22 23:50:44'),
('306', '107', '138', 'Reiciendis possimus sit optio doloremque cumque. Maxime necessitatibus iusto in et et in. Voluptas et optio ex in assumenda quisquam.', '1982-02-01 09:19:07'),
('307', '108', '123', 'Odit veniam voluptatem aut. Non cumque cupiditate non hic excepturi harum tempora repellendus. Ut eveniet doloribus necessitatibus eum ipsum omnis. Iure accusantium explicabo sunt nihil consequatur.', '2020-02-13 00:34:17'),
('308', '109', '127', 'Autem eaque iure enim aut ut eum. Veritatis autem rem eaque quia vel aut.', '2013-08-23 10:36:09'),
('309', '111', '199', 'Odit deleniti laboriosam ipsum sint voluptatum nihil quia. Facilis rem sit omnis veniam occaecati voluptates et.', '2001-02-23 09:27:19'),
('311', '123', '109', 'Eum distinctio eveniet a facere. Excepturi enim aperiam necessitatibus error maiores commodi sed. Minus quo iure illo ipsa non perspiciatis.', '1995-01-11 10:29:27'),
('313', '128', '173', 'Aut veritatis est laborum ut possimus neque eligendi est. Voluptatem tempore ab deleniti delectus reprehenderit aliquam minima. Assumenda iure perferendis deleniti qui repellendus magnam. Nostrum qui porro et ab officiis voluptatem omnis.', '1974-08-11 23:54:41'),
('316', '138', '174', 'Pariatur aperiam et sequi consectetur non quia. Quas repellat doloremque minus sequi soluta. Consequuntur iusto eum provident.', '1976-02-12 15:32:43'),
('317', '139', '164', 'Laudantium fuga et illo a consequuntur. Dolore consequatur rerum et saepe. Accusamus commodi eum hic maxime incidunt id possimus. Dolore qui ut eum reprehenderit.', '1986-12-26 01:19:34'),
('319', '147', '134', 'Libero minima omnis earum odit dolorem ducimus quia. Quia rem doloremque aut voluptatem molestias. Qui sapiente nemo quia soluta perferendis voluptas ad. Error sit sunt cupiditate consectetur consectetur commodi.', '1975-07-26 00:31:40'),
('322', '151', '134', 'Reiciendis similique repudiandae adipisci libero rerum nam. Impedit et animi hic iure aspernatur dolorum expedita et. Id hic blanditiis culpa voluptatem. Perspiciatis magnam recusandae error earum debitis sed.', '2007-03-27 19:32:02'),
('323', '152', '161', 'Molestias nemo neque impedit molestiae aspernatur. Illum quos dolor rerum rerum.', '1976-07-20 11:23:23'),
('324', '153', '172', 'Modi voluptatem id sed distinctio autem et. Provident praesentium recusandae quasi ea impedit. Eius sint ut labore vel deserunt. Ex architecto omnis sunt mollitia.', '2003-12-01 03:40:25'),
('326', '157', '109', 'Numquam vel consequatur est laborum rerum quasi aut. Tenetur nobis consequatur rerum in. Temporibus et officiis optio necessitatibus incidunt ea aut.', '1983-08-20 01:38:54'),
('327', '158', '151', 'Amet in mollitia eaque et officiis. Aut nihil quia qui minima nostrum qui ut. Omnis minus amet earum voluptate. Non sit rem aut sit quos ut ea.', '2012-02-10 23:37:32'),
('331', '164', '149', 'Vero aspernatur laboriosam nostrum quis quia. Odio veniam ut ipsam ut et tempora. Voluptatem quas aliquam dignissimos ut tempora voluptas ut. Beatae quasi hic veniam quaerat alias alias cupiditate dicta.', '2021-03-02 07:17:19'),
('332', '165', '107', 'Doloribus ipsum dolore iure minus. Eligendi laboriosam at magnam iure in rerum. Praesentium ab at dolorem rerum. Ad nihil ut quae deserunt sequi.', '1987-04-17 06:34:51'),
('333', '166', '152', 'Non sint in exercitationem nulla consectetur labore optio et. Ut sit reiciendis laboriosam laudantium repellendus. Dolore tenetur quo deserunt inventore. Aliquid corporis numquam neque aut dicta eligendi.', '2008-01-25 20:13:45'),
('335', '169', '180', 'Tempore architecto et aut atque. Optio ab necessitatibus voluptatibus incidunt necessitatibus ut enim et. Ipsum libero nesciunt et ea.', '1979-09-29 01:21:43'),
('336', '170', '157', 'Aut voluptatem dolores adipisci pariatur voluptatem est et. Iste harum id ratione qui enim. Magnam iste sit nemo.', '1973-07-21 23:45:31'),
('337', '171', '168', 'Sunt dignissimos quia cum molestiae omnis. Eaque fugiat ut at consequatur consequatur praesentium distinctio. Tempore eaque voluptatibus et et. Qui ut atque praesentium officiis deleniti quo.', '2004-08-26 01:43:19'),
('338', '172', '175', 'Voluptate eveniet voluptatem quaerat aut. Quae et ut ut aperiam occaecati suscipit libero sed. Quia est reprehenderit illum fugiat ullam ut ipsa nulla. Blanditiis sit maxime hic quasi.', '2014-05-23 03:01:33'),
('339', '173', '153', 'Vitae ut rem maxime repellat recusandae ut magni. Architecto ullam et fuga distinctio error. Nesciunt tempora non inventore asperiores.', '1977-01-17 01:13:56'),
('340', '174', '134', 'Quis numquam hic laudantium. Omnis tenetur accusamus pariatur. Laborum molestiae labore adipisci animi ratione voluptas aliquam facilis. Quae molestias dicta aperiam perferendis autem.', '1997-07-16 17:56:50'),
('342', '177', '157', 'Atque perferendis quod quis laudantium vel. Corporis nulla ipsum totam. Praesentium sapiente praesentium necessitatibus hic qui accusamus et. Voluptatem sed dolorem atque nostrum.', '1983-08-05 15:36:57'),
('345', '184', '108', 'Et optio odit enim ipsa quam. Itaque quis et error enim laborum natus recusandae. Facere ut id ad occaecati sequi sint. Placeat reiciendis aliquam sapiente vel fugit nostrum. Iure voluptatum doloribus sequi harum.', '1982-04-29 18:22:08'),
('346', '185', '196', 'Nobis exercitationem sit aut ipsum asperiores totam. In omnis numquam itaque et quos mollitia exercitationem.', '1971-11-15 07:08:56'),
('347', '188', '162', 'Sapiente impedit vero est nisi dolorem iusto qui. Dolores excepturi est eos temporibus voluptatem inventore. Quia nam ab rerum accusantium qui et quaerat expedita.', '1991-12-22 12:27:06'),
('350', '194', '152', 'Quaerat blanditiis consequuntur veniam sunt. Enim doloribus magnam similique odio qui quia quo eos. Sit omnis voluptates sint sunt. Est vitae libero delectus ea pariatur sed non.', '1989-04-29 01:43:32'),
('351', '195', '108', 'Commodi exercitationem cupiditate impedit id. Dignissimos dolor vel ipsam sit dolores recusandae maiores. Et excepturi aut dolorum quia et nisi. Quo voluptas tempore ut esse voluptatem.', '2003-02-24 15:41:40'),
('352', '196', '166', 'Accusantium aspernatur et dignissimos soluta. Ut non dicta asperiores reiciendis ut facere. Quam dolorum quas earum itaque dolor. Illum eveniet esse molestias temporibus et qui.', '2006-06-17 23:53:25'),
('353', '197', '111', 'Rerum iusto libero consequuntur qui qui. Quis voluptate aliquid quisquam pariatur eos aspernatur quisquam occaecati. Sapiente quia vitae iste consequatur ad. Quia eveniet esse totam. Et nulla et assumenda esse ex laborum.', '1993-06-24 00:25:35'),
('354', '198', '152', 'Aut enim quas sequi temporibus. Cumque quidem est saepe quo sapiente.', '1979-05-24 18:41:16'),
('355', '199', '161', 'Dolores similique et ut qui qui tempora dolor vero. Unde praesentium et incidunt voluptatum sit deserunt. Asperiores alias natus aspernatur vero voluptatibus pariatur sit. Ipsam in fugiat inventore et qui quis ea est.', '2008-04-03 07:52:08'),
('357', '103', '173', 'Aut veniam sit labore itaque earum. Voluptas fugiat neque veritatis. Quasi est dolore nulla quia dolorem.', '2007-03-27 07:40:47'),
('360', '106', '101', 'Non doloribus dolorum repellendus impedit aliquam ex est rem. Similique quidem et et tempora adipisci itaque non dolor. Et quae velit sequi doloremque qui magni tempora.', '1987-07-03 10:36:36'),
('362', '108', '134', 'Autem eos voluptatem et commodi eum eius placeat. Necessitatibus facere deleniti quidem nisi. Nisi maiores est repudiandae.', '2021-03-07 18:36:11'),
('364', '111', '196', 'Atque ab laborum possimus voluptatem. Distinctio et rem et nam. Et nobis assumenda sunt repellendus voluptatem occaecati corrupti. Eaque nisi repellat enim expedita voluptatibus error aut.', '1975-12-21 12:40:17'),
('366', '123', '184', 'Quo sunt quaerat dolores atque vel. Sapiente rerum dicta vero sit id quia. Quasi rerum aut culpa autem. Sed doloribus blanditiis ipsum blanditiis.', '1972-05-19 21:25:29'),
('369', '134', '172', 'Dolor optio iure corrupti in est. Et inventore ea quia repellat sed eos est.', '1990-11-09 05:04:11'),
('370', '136', '177', 'Molestiae earum quaerat sapiente libero tempora similique culpa rerum. Dolorem rerum inventore voluptatum et voluptatum sapiente.', '2008-08-16 20:23:19'),
('371', '138', '191', 'Ipsam voluptatem vitae omnis vero facere veritatis itaque. Voluptatem dolore modi nihil culpa sit. Qui voluptate illo dicta cum dolorem id. Et consequatur hic id porro voluptatem.', '1975-01-01 16:43:10'),
('374', '147', '191', 'Blanditiis dolores ut quas assumenda. Pariatur id deserunt et ducimus dignissimos. Iure a alias cupiditate nulla sit placeat quas.', '1977-02-08 10:04:08'),
('376', '150', '108', 'Est nihil quibusdam modi. Sit et est aut et sapiente. Qui in ut consequatur aperiam ut.', '1987-09-22 09:47:25'),
('379', '153', '111', 'Molestiae ut id accusantium et dolores. Et architecto eaque minus quibusdam. Facere aut aut eos ut est totam. Voluptates porro minus magnam voluptatem.', '1974-12-20 07:43:52'),
('380', '156', '188', 'Odio labore nulla ex illo cum pariatur beatae. Expedita ipsam est consequuntur laborum eum quis doloremque tempore. Dolore nemo saepe ducimus accusantium quia laborum.', '2000-05-19 03:33:41'),
('381', '157', '149', 'Natus nobis rerum non. Et asperiores qui laboriosam. Consectetur illum aliquid iure iste sequi rerum delectus aut.', '2011-12-29 04:25:55'),
('383', '160', '134', 'Laborum dicta voluptas voluptatem facilis. Fugiat iure aut velit sit reprehenderit dolor ut.', '1970-04-25 08:55:21'),
('384', '161', '190', 'Ab fuga sit pariatur. Repellendus officiis at quas ratione repellat et consequatur. Omnis ut esse quo minus sunt laudantium nisi. Et rem consequatur dolorum sint cum.', '1972-12-30 20:10:43'),
('385', '162', '149', 'Nihil quaerat commodi rerum ex ut totam. At omnis sed similique totam. Repellat et tenetur autem aut dolorem molestiae voluptates. Ab ullam non pariatur.', '1991-12-20 12:09:06'),
('386', '164', '180', 'Cum libero numquam quaerat voluptatem dolorum molestias. Natus qui cum voluptatem velit nihil. Consequatur dolores est et molestiae aspernatur iusto.', '2004-03-23 12:15:35'),
('389', '168', '136', 'Velit rerum voluptatum voluptas sed rerum repellat. Ullam provident velit libero voluptatem at ea quod. Saepe quia placeat enim deleniti deserunt.', '2018-06-10 15:19:43'),
('390', '169', '168', 'Ut et nulla autem non nam tempora. Vel est magni molestias autem vel dolorum et occaecati. Quaerat sapiente quibusdam nesciunt quos.', '1977-04-12 13:42:38'),
('391', '170', '191', 'Rerum molestias optio sequi labore. Alias perferendis aut sapiente veritatis officia rerum quas. In quia at rerum.', '1996-07-02 10:00:29'),
('392', '171', '165', 'Molestiae aperiam expedita est rerum deserunt ipsam in. Rem illum inventore et. Doloremque dolorum fugit ipsa illum illum autem dolores. Aut voluptates autem impedit fuga velit voluptate libero aut.', '2020-09-13 11:05:59'),
('396', '175', '194', 'Vel aut natus modi expedita repudiandae. Fuga aut cumque error sit ea et. Error mollitia et exercitationem quidem doloribus optio harum.', '1987-08-04 06:14:30'),
('397', '177', '139', 'Dicta reiciendis in veniam rerum corrupti dolore. Quis quos repellendus id assumenda qui. Repellat quia quia est qui.', '2001-06-04 06:13:21'),
('400', '184', '156', 'Et debitis veritatis quia nulla. Ducimus dolores explicabo molestiae debitis totam. Quia aperiam aut tempora enim reiciendis excepturi. Maiores ab est voluptatem sed soluta aliquid.', '2018-08-23 23:15:03');

INSERT INTO `friend_requests` VALUES
('104', '134', 'requested', '1990-09-30 11:31:45', '1987-11-23 20:29:51'),
('105', '139', 'unfriended', '2007-05-16 00:56:49', '1977-12-16 12:30:22'),
('105', '175', 'declined', '1978-05-05 07:03:20', '1994-02-24 08:45:07'),
('106', '104', 'unfriended', '2015-06-13 13:56:24', '1976-04-21 10:34:24'),
('107', '128', 'declined', '1988-04-28 20:35:17', '1988-06-23 11:36:25'),
('108', '161', 'requested', '1992-06-30 16:56:48', '1986-02-22 19:25:32'),
('109', '149', 'requested', '1994-10-25 04:05:05', '1980-07-31 05:03:27'),
('109', '151', 'requested', '1990-04-29 05:08:40', '1999-11-05 23:34:44'),
('111', '152', 'approved', '2012-01-07 08:05:32', '2016-01-18 00:11:06'),
('122', '109', 'unfriended', '2006-01-14 23:03:37', '1984-02-21 13:48:33'),
('123', '184', 'approved', '1992-06-12 03:47:55', '1984-09-02 11:27:15'),
('123', '188', 'unfriended', '2003-09-14 11:59:56', '2014-02-19 18:36:11'),
('127', '111', 'approved', '1999-04-23 19:56:56', '1984-03-30 09:37:26'),
('127', '174', 'approved', '1972-08-07 04:19:07', '2016-03-22 06:40:56'),
('128', '166', 'unfriended', '2008-09-12 13:54:45', '2015-09-02 03:26:04'),
('134', '106', 'requested', '1998-06-27 02:34:58', '2017-01-21 12:15:13'),
('134', '190', 'declined', '2007-01-04 16:35:37', '2014-06-04 07:14:10'),
('138', '174', 'requested', '2000-05-02 02:17:04', '2008-07-06 17:31:02'),
('139', '109', 'declined', '1974-01-17 13:58:30', '2014-06-24 00:42:01'),
('147', '136', 'declined', '2016-03-23 08:43:22', '2010-02-22 13:54:33'),
('147', '199', 'approved', '2003-09-02 23:06:34', '2015-04-06 22:07:20'),
('150', '196', 'requested', '1982-01-22 15:20:17', '1976-05-16 19:38:40'),
('153', '122', 'approved', '1980-05-18 21:36:59', '2010-03-11 06:11:57'),
('153', '191', 'declined', '1974-01-04 15:36:51', '2001-03-29 12:13:01'),
('156', '169', 'approved', '1978-07-03 17:53:36', '2016-06-26 01:58:43'),
('157', '161', 'approved', '1988-11-11 01:19:27', '1977-12-31 18:05:11'),
('158', '128', 'unfriended', '1991-11-20 04:00:56', '2013-02-13 15:10:08'),
('160', '101', 'requested', '1982-06-17 06:27:05', '1985-03-28 19:57:26'),
('160', '198', 'declined', '1994-09-12 14:11:00', '1978-02-21 10:29:50'),
('161', '152', 'unfriended', '2012-09-04 14:29:17', '1999-07-03 19:04:58'),
('162', '166', 'approved', '2002-06-13 14:24:48', '1970-11-10 20:07:50'),
('164', '111', 'approved', '2000-04-10 14:21:06', '1976-01-22 15:55:38'),
('165', '168', 'approved', '2016-06-11 11:37:46', '2008-06-14 00:52:05'),
('166', '199', 'requested', '1975-05-05 18:36:13', '1974-09-12 08:02:20'),
('168', '103', 'unfriended', '1987-07-26 17:58:17', '1998-07-12 18:24:36'),
('169', '190', 'declined', '1977-01-02 13:38:42', '2006-07-09 14:18:46'),
('170', '161', 'requested', '1975-01-18 01:23:36', '1997-09-18 18:14:54'),
('171', '161', 'requested', '1971-11-06 00:10:36', '2017-05-26 03:55:00'),
('172', '188', 'requested', '1998-12-12 18:36:38', '2009-12-16 18:10:39'),
('172', '190', 'approved', '1988-04-17 16:28:22', '1981-09-13 08:34:33'),
('173', '171', 'requested', '1980-09-07 12:24:26', '2017-08-05 06:44:25'),
('173', '191', 'requested', '1995-10-31 21:55:42', '1981-06-29 13:37:03'),
('174', '169', 'declined', '1988-08-14 16:23:40', '2013-02-02 09:23:13'),
('175', '146', 'declined', '1981-08-02 05:24:50', '1988-05-10 17:49:47'),
('177', '139', 'approved', '1981-06-13 18:05:10', '1977-06-25 17:30:39'),
('180', '139', 'declined', '1972-06-09 16:14:02', '2009-04-20 20:28:48'),
('180', '185', 'unfriended', '2008-08-25 23:12:07', '2000-01-04 16:39:22'),
('181', '149', 'unfriended', '1984-12-08 23:27:48', '1976-03-11 13:48:26'),
('184', '151', 'unfriended', '1978-11-19 04:19:06', '2013-04-01 23:36:45'),
('184', '157', 'unfriended', '2015-05-21 10:56:08', '1986-12-13 04:43:53'),
('194', '157', 'unfriended', '2014-08-26 14:41:01', '2013-10-24 06:21:50'),
('197', '198', 'declined', '1970-04-24 09:53:21', '1970-12-10 20:24:27'),
('199', '150', 'declined', '1987-09-13 09:09:53', '1972-09-10 10:17:54');
