DROP DATABASE IF EXISTS shop;
CREATE DATABASE shop;
USE shop;

DROP TABLE IF EXISTS catalogs;
CREATE TABLE catalogs (
	id SERIAL PRIMARY KEY,
	name VARCHAR(255) COMMENT 'Название раздела',
	UNIQUE unique_name(name(10))
) COMMENT = 'Разделы интернет магазина';

DROP TABLE IF EXISTS users;
CREATE TABLE users (
	id SERIAL PRIMARY KEY,
	name VARCHAR(255) COMMENT 'Имя покупателя',
	birthday_at DATE COMMENT 'Дата рождения',
	created_at DATETIME DEFAULT CURRENT_TIMESTAMP,
	updated_at DATETIME DEFAULT CURRENT_TIMESTAMP ON UPDATE CURRENT_TIMESTAMP
) COMMENT = 'Покупатели';

CREATE TABLE products (
	id SERIAL PRIMARY KEY,
	name VARCHAR(255) COMMENT 'Название',
	description TEXT COMMENT 'Описание',
	price DECIMAL (11,2) COMMENT 'Цена',
	catalog_id INT UNSIGNED,
	created_at DATETIME DEFAULT CURRENT_TIMESTAMP,
	updated_at DATETIME DEFAULT CURRENT_TIMESTAMP ON UPDATE CURRENT_TIMESTAMP,
	KEY index_of_catalog_id(catalog_id)
) COMMENT = 'Товарные позиции';

DROP TABLE IF EXISTS orders;
CREATE TABLE orders (
	id SERIAL PRIMARY KEY,
	user_id INT UNSIGNED,
	created_at DATETIME DEFAULT CURRENT_TIMESTAMP,
	updated_at DATETIME DEFAULT CURRENT_TIMESTAMP ON UPDATE CURRENT_TIMESTAMP,
	KEY index_of_user_id(user_id)
) COMMENT = 'Заказы';

DROP TABLE IF EXISTS orders_products;
CREATE TABLE orders_products (
	id SERIAL PRIMARY KEY,
	order_id INT UNSIGNED,
	product_id INT UNSIGNED,
	total INT UNSIGNED DEFAULT 1 COMMENT 'Количество заказанных товарных позиций',
	created_at DATETIME DEFAULT CURRENT_TIMESTAMP,
	updated_at DATETIME DEFAULT CURRENT_TIMESTAMP ON UPDATE CURRENT_TIMESTAMP
) COMMENT = 'Состав заказа';

DROP TABLE IF EXISTS discounts;
CREATE TABLE discounts (
	id SERIAL PRIMARY KEY,
	user_id INT UNSIGNED,
	product_id INT UNSIGNED,
	discount FLOAT UNSIGNED COMMENT 'Величина скидки от 0.0 до 1.0',
	finished_at DATETIME NULL,
	started_at DATETIME NULL,
	created_at DATETIME DEFAULT CURRENT_TIMESTAMP,
	updated_at DATETIME DEFAULT CURRENT_TIMESTAMP ON UPDATE CURRENT_TIMESTAMP,
	KEY index_of_user_id(user_id),
	KEY index_of_product_id(product_id)
) COMMENT = 'Скидки';

DROP TABLE IF EXISTS storehouses;
CREATE TABLE storehouses (
	id SERIAL PRIMARY KEY,
	name VARCHAR(255) COMMENT 'Название',
	created_at DATETIME DEFAULT CURRENT_TIMESTAMP,
	updated_at DATETIME DEFAULT CURRENT_TIMESTAMP ON UPDATE CURRENT_TIMESTAMP
) COMMENT = 'Склады';

DROP TABLE IF EXISTS storehouses_products;
CREATE TABLE storehouses_products (
	id SERIAL PRIMARY KEY,
	storehouse_id INT UNSIGNED,
	product_id INT UNSIGNED,
	value INT UNSIGNED COMMENT 'Запас товарной позиции на складе',
	created_at DATETIME DEFAULT CURRENT_TIMESTAMP,
	updated_at DATETIME DEFAULT CURRENT_TIMESTAMP ON UPDATE CURRENT_TIMESTAMP
) COMMENT = 'Запасы на складе';

INSERT INTO `users` (`id`, `name`, `birthday_at`, `created_at`, `updated_at`) VALUES
('1', 'molestiae', '2005-08-03', '1991-12-12 22:22:01', '1975-05-09 00:01:59'),
('2', 'explicabo', '1981-03-23', '1978-10-13 18:43:35', '1993-11-22 05:41:39'),
('3', 'modi', '1976-05-14', '1978-02-03 11:25:54', '2012-12-07 22:31:17'),
('4', 'velit', '1991-03-01', '1980-05-17 00:01:28', '1972-08-10 15:14:03'),
('5', 'est', '2013-07-22', '1974-08-09 21:42:37', '1985-09-06 12:16:47'),
('6', 'molestias', '1991-01-01', '1972-07-29 14:17:44', '1977-08-13 01:10:56'),
('7', 'sed', '2010-07-29', '1991-06-09 19:12:41', '2000-10-30 07:56:49'),
('8', 'magnam', '1992-04-30', '1994-02-15 13:42:43', '2012-12-15 09:53:32'),
('9', 'iste', '1987-05-05', '1982-09-07 23:42:09', '1995-12-02 17:16:21'),
('10', 'reiciendis', '1987-08-22', '1993-03-22 16:01:02', '1988-02-14 14:07:48'),
('11', 'et', '1977-12-18', '1998-03-10 15:16:01', '2004-03-09 23:10:29'),
('12', 'molestiae', '2019-03-29', '2010-11-12 00:15:25', '1988-05-09 12:31:01'),
('13', 'sit', '1992-05-02', '2017-02-25 05:28:01', '1973-03-22 21:56:02'),
('14', 'sint', '1992-03-17', '1993-12-21 18:26:52', '1995-12-19 21:15:00'),
('15', 'et', '2016-08-31', '1997-01-29 06:45:42', '1984-02-26 10:15:55'),
('16', 'cumque', '1976-07-15', '1976-05-08 03:52:52', '1974-03-26 05:17:34'),
('17', 'reprehenderit', '2003-12-17', '2011-01-10 08:55:19', '2014-01-23 18:49:48'),
('18', 'similique', '1972-07-08', '1994-10-20 14:47:56', '1975-10-26 09:55:38'),
('19', 'fuga', '2016-07-02', '2009-11-19 18:11:51', '1986-08-06 02:08:04'),
('20', 'repellendus', '2005-04-20', '1996-01-17 17:24:23', '2014-06-14 19:49:54'),
('21', 'deleniti', '2016-01-02', '2015-01-01 11:13:46', '2013-05-31 06:41:38'),
('22', 'sit', '1973-01-11', '2004-10-06 10:00:50', '2014-09-06 12:07:13'),
('23', 'dolorum', '1987-02-26', '2002-05-28 05:16:15', '1989-12-23 12:49:53'),
('24', 'dolorem', '2008-07-07', '2010-04-07 04:24:21', '1973-10-03 00:24:27'),
('25', 'labore', '2014-04-23', '2001-06-25 17:35:40', '1988-02-25 05:06:56'),
('26', 'voluptatibus', '1987-08-13', '2017-09-18 08:39:27', '2020-09-14 19:39:10'),
('27', 'debitis', '1986-06-30', '2015-01-26 21:40:01', '2002-06-07 07:11:00'),
('28', 'blanditiis', '2015-07-25', '1975-05-05 19:16:09', '1978-10-26 15:03:49'),
('29', 'reiciendis', '2013-12-03', '2006-10-06 05:04:00', '1970-12-21 04:29:36'),
('30', 'alias', '1980-12-29', '1976-03-24 18:46:42', '1983-12-24 02:33:39'),
('31', 'molestias', '1980-12-28', '1976-09-18 13:44:13', '1996-01-06 08:18:57'),
('32', 'labore', '1987-12-11', '2001-03-12 11:41:23', '1996-06-01 21:34:30'),
('33', 'voluptatum', '2006-12-20', '1980-07-27 12:35:26', '2004-11-07 01:34:54'),
('34', 'adipisci', '1975-09-13', '1970-10-07 06:14:19', '1992-09-02 21:29:50'),
('35', 'harum', '1972-07-13', '2019-12-30 14:14:14', '2009-07-12 07:22:11'),
('36', 'sit', '2002-07-20', '1989-01-19 07:57:11', '1995-12-04 05:56:22'),
('37', 'natus', '2003-07-26', '1983-09-20 04:20:09', '1989-11-14 06:27:02'),
('38', 'qui', '1979-06-16', '1999-12-25 03:27:50', '1989-08-02 20:35:24'),
('39', 'asperiores', '2002-11-13', '2013-06-30 22:31:05', '1992-03-29 14:00:12'),
('40', 'possimus', '1976-12-16', '2000-04-15 03:43:12', '1982-05-10 21:06:18'),
('41', 'nobis', '2011-03-29', '2019-08-29 22:30:52', '1982-12-08 00:31:00'),
('42', 'eaque', '1992-05-29', '1979-07-01 15:25:59', '1990-10-12 22:33:08'),
('43', 'aspernatur', '1973-01-31', '1971-10-14 16:50:44', '2003-05-18 03:55:37'),
('44', 'vel', '2016-06-28', '2009-05-06 17:07:56', '2019-11-10 08:10:50'),
('45', 'quo', '1988-06-28', '1990-10-07 23:06:59', '2003-04-20 13:43:43'),
('46', 'minima', '1987-12-03', '1979-07-06 04:32:49', '1994-03-02 14:11:31'),
('47', 'qui', '2005-07-10', '1972-11-19 13:31:10', '1981-11-13 19:04:50'),
('48', 'rerum', '1993-01-30', '2009-02-12 16:37:42', '1984-02-14 06:35:12'),
('49', 'fugit', '2010-08-02', '1970-01-20 17:43:25', '2011-07-02 23:35:04'),
('50', 'omnis', '2011-08-20', '1985-01-03 06:20:50', '2003-07-01 02:19:54'),
('51', 'repellendus', '2003-11-10', '2019-04-21 08:00:49', '1971-11-30 19:31:13'),
('52', 'magnam', '1990-12-16', '2010-06-02 10:15:42', '1989-10-29 12:35:47'),
('53', 'suscipit', '1991-09-11', '1982-05-22 21:35:26', '1993-08-05 09:08:28'),
('54', 'porro', '1987-08-30', '1975-09-17 10:17:42', '2012-04-11 13:27:49'),
('55', 'voluptatem', '2020-10-29', '2005-02-09 20:02:51', '2011-10-08 02:20:44'),
('56', 'voluptatem', '1983-10-25', '1989-12-31 18:48:32', '1977-01-31 08:54:46'),
('57', 'et', '1980-03-02', '1986-09-26 04:06:12', '2007-01-23 12:11:26'),
('58', 'repellendus', '2003-01-01', '2010-12-02 08:23:17', '2001-08-03 04:15:06'),
('59', 'nesciunt', '1970-07-15', '1984-09-01 06:21:17', '1973-04-06 07:07:25'),
('60', 'sit', '2010-12-17', '2003-07-13 18:53:51', '1971-05-08 00:48:50'),
('61', 'eveniet', '1999-09-06', '2002-09-12 19:58:46', '2016-12-07 07:34:57'),
('62', 'sint', '2010-09-08', '1987-05-01 23:13:10', '1993-01-17 10:35:34'),
('63', 'cumque', '2002-12-23', '2003-08-26 22:42:43', '1997-01-07 10:49:38'),
('64', 'impedit', '1973-01-20', '1985-03-06 00:55:22', '2014-01-16 04:54:07'),
('65', 'ex', '1973-09-08', '1994-01-20 02:02:03', '1972-10-30 08:36:41'),
('66', 'cum', '2003-05-14', '1973-07-01 10:26:28', '1980-03-13 12:25:44'),
('67', 'quia', '2002-11-11', '2014-03-23 17:46:15', '1986-06-26 23:55:44'),
('68', 'nihil', '2012-06-27', '1971-04-19 22:10:59', '1972-11-25 09:15:12'),
('69', 'sint', '2012-02-02', '1988-12-18 05:38:10', '1995-08-13 05:58:53'),
('70', 'qui', '2015-03-10', '2004-04-24 09:35:27', '2002-04-29 02:55:53'),
('71', 'ut', '1998-11-17', '1970-08-15 02:38:10', '2011-12-09 09:13:51'),
('72', 'et', '1974-02-13', '1991-01-29 16:53:27', '2002-11-21 21:16:45'),
('73', 'ea', '2016-04-23', '1974-08-19 13:30:26', '1970-03-09 18:26:12'),
('74', 'commodi', '1986-09-10', '2005-08-31 07:07:33', '2009-08-29 19:11:42'),
('75', 'atque', '1983-04-19', '2007-03-03 20:39:40', '1974-06-15 19:04:04'),
('76', 'voluptatem', '1994-03-01', '2005-11-09 11:28:28', '1972-04-17 07:35:34'),
('77', 'est', '1972-03-03', '2017-07-13 02:00:46', '1971-02-14 23:21:18'),
('78', 'molestiae', '2017-08-28', '1996-01-06 21:30:45', '1973-12-22 04:54:07'),
('79', 'ut', '1995-04-12', '1974-06-15 17:11:54', '2002-12-01 16:53:40'),
('80', 'maxime', '1977-05-06', '2005-04-14 00:02:50', '2002-12-16 15:47:54'),
('81', 'consequuntur', '1992-07-17', '1984-07-15 23:47:37', '1996-12-08 02:08:46'),
('82', 'vero', '1974-10-12', '2007-11-16 07:19:52', '2002-11-01 19:51:29'),
('83', 'voluptas', '2013-12-06', '1993-02-25 15:16:30', '2005-07-09 02:43:14'),
('84', 'illum', '1996-07-09', '1978-03-01 23:11:52', '2020-02-28 06:58:42'),
('85', 'ut', '2005-01-13', '1978-05-24 08:43:15', '2013-11-25 06:41:30'),
('86', 'harum', '2020-04-07', '1978-03-14 19:23:08', '1979-09-27 16:07:28'),
('87', 'tenetur', '2008-03-13', '2015-11-13 18:02:42', '2003-03-24 04:28:35'),
('88', 'consequatur', '1993-05-28', '1991-07-26 00:37:07', '1984-12-28 06:47:09'),
('89', 'rerum', '1981-06-24', '1995-04-28 04:59:07', '2005-11-13 21:06:34'),
('90', 'enim', '1973-08-06', '2014-12-02 04:35:09', '1987-03-31 09:56:24'),
('91', 'itaque', '1984-07-20', '1986-09-13 14:50:56', '1987-07-11 01:28:05'),
('92', 'architecto', '2005-08-25', '1986-05-16 21:09:17', '1984-11-29 02:17:29'),
('93', 'veritatis', '1984-12-15', '2020-03-04 11:19:14', '2001-02-14 12:28:01'),
('94', 'dolorem', '2021-06-16', '1985-02-27 07:30:51', '2002-03-31 16:16:45'),
('95', 'dolorem', '2016-11-30', '2001-08-15 13:59:39', '1982-11-24 03:02:07'),
('96', 'qui', '1971-06-25', '2019-03-10 22:23:34', '1975-09-14 02:32:54'),
('97', 'assumenda', '1997-01-30', '1996-02-26 03:10:18', '1980-05-04 11:13:47'),
('98', 'vero', '1978-05-12', '2004-06-22 17:40:40', '1998-07-31 09:07:13'),
('99', 'est', '1976-09-14', '2006-08-14 06:06:41', '1979-12-01 14:47:19'),
('100', 'vero', '1993-03-18', '2009-09-14 08:52:31', '1970-07-02 03:40:33');

INSERT INTO `catalogs` (`id`, `name`) VALUES
('1', 'perferendis'),
('2', 'sunt'),
('3', 'aut'),
('4', 'nesciunt'),
('5', 'quis'),
('6', 'est'),
('7', 'similique'),
('8', 'exercitationem'),
('9', 'velit'),
('10', 'quidem'),
('11', 'sed'),
('12', 'cumque'),
('13', 'qui'),
('14', 'aliquam'),
('15', 'porro'),
('16', 'quod'),
('17', 'dolor'),
('18', 'nihil'),
('19', 'voluptatum'),
('20', 'et'),
('21', 'quas'),
('22', 'ut'),
('23', 'mollitia'),
('24', 'quasi'),
('25', 'doloremque'),
('26', 'ea'),
('27', 'optio'),
('28', 'esse'),
('29', 'possimus'),
('30', 'illum'),
('31', 'accusantium'),
('32', 'dicta'),
('33', 'vitae'),
('34', 'blanditiis'),
('35', 'eveniet'),
('36', 'modi'),
('37', 'perspiciatis'),
('38', 'natus'),
('39', 'voluptate'),
('40', 'vero'),
('41', 'earum'),
('42', 'reprehenderit'),
('43', 'deserunt'),
('44', 'consequatur'),
('45', 'ab'),
('46', 'animi'),
('47', 'provident'),
('48', 'occaecati'),
('49', 'inventore'),
('50', 'consectetur'),
('51', 'repudiandae'),
('52', 'non'),
('53', 'sit'),
('54', 'ipsa'),
('55', 'minus'),
('56', 'veritatis'),
('57', 'ipsam'),
('58', 'sequi'),
('59', 'dignissimos'),
('60', 'omnis'),
('61', 'pariatur'),
('62', 'dolorem'),
('63', 'laudantium'),
('64', 'voluptates'),
('65', 'deleniti'),
('66', 'magni'),
('67', 'odio'),
('68', 'recusandae'),
('69', 'culpa'),
('70', 'temporibus'),
('71', 'adipisci'),
('72', 'incidunt'),
('73', 'maiores'),
('74', 'accusamus'),
('75', 'facere'),
('76', 'maxime'),
('77', 'eum'),
('78', 'magnam'),
('79', 'enim'),
('80', 'distinctio'),
('81', 'unde'),
('82', 'ex'),
('83', 'sapiente'),
('84', 'autem'),
('85', 'voluptatem'),
('86', 'numquam'),
('87', 'assumenda'),
('88', 'corporis'),
('89', 'harum'),
('90', 'delectus'),
('91', 'sint'),
('92', 'nulla'),
('93', 'aspernatur'),
('94', 'rem'),
('95', 'corrupti'),
('96', 'molestiae'),
('97', 'nemo'),
('98', 'id'),
('99', 'a'),
('100', 'iste');

INSERT INTO `storehouses` (`id`, `name`, `created_at`, `updated_at`) VALUES
('1', 'occaecati', '2006-04-21 05:55:16', '1993-05-06 16:56:21'),
('2', 'nihil', '1991-10-07 15:06:48', '2012-07-14 01:56:06'),
('3', 'illum', '1979-03-26 01:34:58', '2003-04-22 15:58:49'),
('4', 'hic', '1986-03-05 09:40:13', '1998-11-04 06:58:18'),
('5', 'ducimus', '1978-01-12 20:01:09', '2018-10-31 07:32:46'),
('6', 'enim', '1983-01-10 18:27:07', '1971-08-22 22:59:07'),
('7', 'a', '1993-09-09 12:55:29', '1988-10-17 05:56:00'),
('8', 'explicabo', '1979-05-11 01:40:29', '1997-08-13 23:50:50'),
('9', 'sunt', '1974-07-04 18:11:06', '1994-04-25 11:02:14'),
('10', 'autem', '1999-08-29 10:54:04', '1973-11-21 22:24:56'),
('11', 'neque', '1994-08-05 09:18:00', '2017-04-15 11:40:40'),
('12', 'nulla', '1980-04-21 20:34:29', '2011-04-19 08:06:24'),
('13', 'expedita', '1975-02-03 13:48:23', '1987-06-06 10:10:21'),
('14', 'impedit', '1983-11-23 00:20:04', '1985-07-23 06:24:20'),
('15', 'cum', '2009-12-23 16:18:08', '1988-03-15 02:21:47'),
('16', 'expedita', '1981-02-07 17:02:45', '2003-02-10 23:02:49'),
('17', 'deleniti', '1991-11-30 15:40:05', '2014-10-23 21:02:16'),
('18', 'placeat', '1994-02-07 17:29:39', '2016-11-29 05:24:46'),
('19', 'consequatur', '1984-10-16 16:41:26', '2017-11-22 05:56:46'),
('20', 'quis', '1991-07-26 09:12:21', '1984-04-20 07:20:47'),
('21', 'quia', '1994-09-25 15:53:36', '2005-05-01 01:33:03'),
('22', 'sed', '2008-10-31 14:36:42', '2001-08-01 10:38:15'),
('23', 'modi', '1973-07-16 10:16:39', '1980-01-08 05:19:42'),
('24', 'voluptas', '1976-01-31 19:45:55', '2009-12-01 15:47:28'),
('25', 'dolore', '2010-11-09 16:50:49', '1984-03-26 21:46:42'),
('26', 'et', '1997-07-22 22:21:59', '2012-07-20 11:47:24'),
('27', 'officiis', '2021-03-09 10:57:07', '2006-09-12 16:38:14'),
('28', 'in', '1986-12-19 19:13:57', '2002-07-21 18:52:47'),
('29', 'quia', '2011-02-20 05:55:36', '2003-12-20 14:30:24'),
('30', 'labore', '2017-08-25 00:13:30', '1987-02-19 16:33:35'),
('31', 'ut', '2000-09-13 02:07:57', '2018-11-16 13:32:10'),
('32', 'tempore', '2005-03-06 22:39:42', '1993-09-11 07:23:59'),
('33', 'voluptas', '1995-10-05 06:05:45', '1995-07-22 22:36:48'),
('34', 'corrupti', '2006-01-22 21:48:34', '1997-12-04 17:54:41'),
('35', 'expedita', '2003-10-14 09:28:54', '1994-04-23 10:03:59'),
('36', 'rem', '1993-05-25 19:47:50', '1990-02-03 21:54:00'),
('37', 'sed', '1971-04-18 18:24:27', '1999-09-14 09:30:42'),
('38', 'cum', '1997-03-25 01:32:46', '2016-02-09 02:21:17'),
('39', 'dolorem', '1998-10-13 22:06:45', '2016-03-06 17:05:50'),
('40', 'est', '2011-09-21 07:20:05', '1991-06-25 09:23:04'),
('41', 'corporis', '2006-03-18 04:39:36', '2010-06-05 13:36:42'),
('42', 'sit', '1976-06-29 16:56:53', '2011-12-03 12:07:36'),
('43', 'omnis', '1991-07-06 08:52:08', '2010-09-01 21:58:08'),
('44', 'quas', '2009-05-12 01:47:33', '1994-06-07 22:20:20'),
('45', 'saepe', '1991-07-04 12:37:52', '1987-09-13 20:02:45'),
('46', 'non', '2021-06-09 18:46:48', '1992-03-09 14:17:54'),
('47', 'aperiam', '2008-08-26 22:44:14', '2019-03-02 19:45:39'),
('48', 'voluptatibus', '2008-11-24 14:25:29', '1992-06-16 11:16:15'),
('49', 'velit', '1986-06-11 05:01:40', '1998-05-11 05:20:43'),
('50', 'vitae', '2017-07-08 11:11:45', '1994-08-22 06:13:04'),
('51', 'perferendis', '2006-08-05 11:51:37', '2019-08-02 19:42:37'),
('52', 'aut', '2001-06-09 14:21:20', '2019-12-24 20:33:48'),
('53', 'atque', '1993-04-25 00:59:22', '2002-11-25 09:30:35'),
('54', 'beatae', '1976-06-21 15:42:15', '1973-03-26 09:36:49'),
('55', 'odit', '2012-07-20 15:46:13', '2013-08-26 05:42:55'),
('56', 'non', '2013-02-02 03:55:03', '1988-04-27 22:57:58'),
('57', 'eveniet', '1992-07-24 15:12:27', '1996-10-16 17:56:46'),
('58', 'consectetur', '2005-06-02 02:05:33', '1974-12-24 07:03:28'),
('59', 'repellendus', '1974-10-22 00:42:32', '1977-05-19 03:20:21'),
('60', 'aut', '2009-12-01 22:17:21', '2005-01-02 01:58:27'),
('61', 'veniam', '2006-06-01 18:18:24', '1986-09-19 14:00:37'),
('62', 'aut', '2006-10-04 22:12:15', '1972-07-26 04:54:14'),
('63', 'minima', '2008-09-22 12:10:37', '1991-01-04 02:06:47'),
('64', 'dignissimos', '2013-03-17 22:40:47', '1974-08-01 19:15:09'),
('65', 'aut', '1996-12-05 11:54:15', '1973-12-16 06:43:31'),
('66', 'veritatis', '2000-01-19 20:20:54', '2019-06-09 11:19:00'),
('67', 'est', '2002-03-07 11:13:33', '1995-09-14 05:19:51'),
('68', 'ut', '1984-09-24 11:30:44', '2013-10-29 13:43:27'),
('69', 'ducimus', '2003-01-30 07:26:49', '1992-12-11 02:41:27'),
('70', 'et', '1981-03-19 20:06:49', '2015-05-10 22:06:49'),
('71', 'illo', '1975-08-10 08:19:56', '1998-02-20 08:10:39'),
('72', 'consequatur', '2017-01-05 20:28:37', '1990-11-02 13:18:08'),
('73', 'maxime', '1971-07-11 23:41:44', '1990-04-26 07:05:44'),
('74', 'aliquam', '1978-07-04 21:13:25', '1985-02-06 09:03:42'),
('75', 'voluptatem', '1994-06-29 13:26:26', '1994-10-05 19:50:45'),
('76', 'molestias', '2003-03-03 21:14:00', '1995-08-28 07:58:51'),
('77', 'esse', '1981-02-08 20:33:22', '2015-04-18 16:19:43'),
('78', 'est', '1976-05-31 05:43:28', '2011-09-25 22:03:38'),
('79', 'corrupti', '1971-01-27 18:29:52', '2015-09-29 01:11:54'),
('80', 'beatae', '1994-02-25 17:04:58', '2003-09-15 01:20:50'),
('81', 'odit', '1985-06-18 03:34:05', '2013-07-26 17:36:44'),
('82', 'qui', '2016-08-05 23:19:21', '1976-04-08 02:24:05'),
('83', 'et', '2014-08-13 05:43:08', '2019-04-13 09:11:51'),
('84', 'quo', '2004-12-12 05:05:41', '2004-02-23 04:21:29'),
('85', 'dolorem', '2008-09-18 06:03:01', '2004-06-28 17:54:29'),
('86', 'explicabo', '2012-11-08 13:46:44', '2015-05-26 14:55:01'),
('87', 'non', '2018-03-18 12:15:47', '1970-10-17 02:50:33'),
('88', 'molestiae', '2019-12-23 07:35:33', '1994-02-16 00:57:20'),
('89', 'omnis', '1999-01-26 02:28:03', '2012-05-03 11:02:23'),
('90', 'architecto', '2002-01-14 13:33:20', '2006-05-12 04:06:32'),
('91', 'et', '2006-10-14 15:34:16', '2003-11-04 05:20:02'),
('92', 'aut', '2001-01-19 21:25:22', '1977-10-10 16:27:06'),
('93', 'iure', '1985-08-28 18:24:21', '2015-02-08 03:01:15'),
('94', 'nemo', '1982-07-20 05:31:10', '1974-08-13 10:56:38'),
('95', 'consequatur', '1972-01-28 14:14:37', '2016-03-25 12:00:55'),
('96', 'consequatur', '2013-05-10 20:26:10', '1970-10-16 12:24:53'),
('97', 'vero', '1979-06-02 07:52:03', '1977-05-03 13:57:35'),
('98', 'aut', '2001-10-25 09:59:39', '1997-07-10 02:22:14'),
('99', 'ipsum', '2011-11-09 20:27:26', '2003-03-31 05:22:37'),
('100', 'sit', '1996-06-03 17:38:18', '1987-02-14 00:46:54');

INSERT INTO `products` (`id`, `name`, `description`, `price`, `catalog_id`, `created_at`, `updated_at`) VALUES
('1', 'velit', 'Nihil inventore ratione eum. Labore dolores aliquid voluptas laudantium excepturi. Et eligendi fuga velit quos.', '3.43', 1, '1989-05-24 16:16:51', '2016-02-05 02:02:22'),
('2', 'reprehenderit', 'Cumque praesentium sit dolorem laborum. Dolores qui ut iusto corrupti. Ut ipsa fugit dolorem modi deserunt sit.', '57.32', 2, '1990-05-20 04:12:52', '2016-02-23 08:59:08'),
('3', 'ratione', 'Officiis nemo excepturi qui facilis perspiciatis. Est quo in adipisci quo temporibus ipsam. Ducimus id sunt dolorum et. Aut labore a aliquam et aut nam quibusdam.', '7698985.75', 3, '2020-02-07 09:45:48', '1997-08-20 14:15:58'),
('4', 'nulla', 'Aut vel mollitia eveniet quia eligendi earum exercitationem. Doloremque nam nesciunt omnis animi quam perferendis. Odit iusto nihil rerum recusandae.', '1.89', 4, '1991-11-22 20:56:35', '1987-08-28 14:09:36'),
('5', 'error', 'Est omnis minus esse saepe eius. Voluptatem doloremque est illum. Optio corrupti consequuntur distinctio sit maiores.', '672.70', 5, '1994-12-09 02:59:56', '1999-10-20 22:19:45'),
('6', 'ea', 'Omnis expedita vel deserunt rerum facere ad. Sunt cum praesentium ut ea.', '21.98', 6, '1986-01-13 11:28:11', '2014-01-03 22:26:08'),
('7', 'nam', 'Iure id quo architecto dolores aut. Corporis ipsum delectus debitis deleniti quis enim ab. Ratione harum commodi quidem consectetur quia sit. Harum quos perspiciatis adipisci fuga eaque.', '0.00', 7, '2011-11-16 13:27:32', '2006-08-01 16:58:33'),
('8', 'aut', 'Ut consectetur minima laboriosam et est. Ut quo dolorum earum et quam sit dolorum dolorum. Molestiae ab ut dolorem voluptas non ea. In eum nostrum magnam assumenda nulla doloremque in voluptate.', '25478113.79', 8, '1998-07-13 03:49:52', '2010-03-10 10:58:59'),
('9', 'sed', 'Dicta dolores animi fugiat id eum culpa. Alias aspernatur est quis sit. Accusamus at et numquam quisquam totam voluptas.', '108660.52', 9, '2012-06-11 01:38:14', '2006-01-13 06:38:57'),
('10', 'vitae', 'Quaerat et perferendis veniam debitis et ut voluptatum quis. Enim provident deserunt suscipit non rem dolor. Sint aliquam amet perspiciatis architecto. Adipisci fugit consectetur dolor est quidem.', '1312072.40', 10, '2009-02-25 10:16:10', '1995-05-04 10:16:17'),
('11', 'veniam', 'Autem sed voluptatum vel ipsum quo qui illo. Eveniet eos veniam sint id in quisquam.\nCorrupti voluptate unde illum neque ut aut. Id qui eius voluptatem dolorum. Commodi ratione sit nihil voluptas.', '36.86', 11, '1989-12-21 20:53:19', '2016-08-18 01:09:52'),
('12', 'assumenda', 'Voluptate iusto nulla quasi. Quis qui atque quia minima repellat debitis. Enim exercitationem doloremque aspernatur nobis.', '0.33', 12, '2013-04-13 21:08:58', '2004-02-29 07:18:44'),
('13', 'ullam', 'Eveniet quaerat hic qui architecto. Quae quia qui aliquam aperiam quidem voluptatem rerum.', '148686.29', 13, '1980-04-08 22:16:49', '1999-06-02 21:34:09'),
('14', 'consequatur', 'Quia autem odio maiores officiis voluptas reiciendis et. Eligendi occaecati et et ut sapiente. Dolores debitis voluptas sapiente officia.', '250613.41', 14, '1994-11-01 10:54:16', '1989-09-20 22:51:18'),
('15', 'dolor', 'Non quasi perferendis et amet quia quo. Neque voluptates et ut tempore harum vel. Tenetur est ab quod dolores incidunt. Et qui error nulla vitae.', '0.00', 15, '1974-07-12 18:20:43', '1996-08-08 08:29:11'),
('16', 'dolores', 'Dolorum animi qui et eos deserunt rem. Iure fuga nobis distinctio. Non veritatis quaerat enim ducimus culpa nostrum.', '265.96', 16, '2009-12-07 00:06:57', '1998-07-08 12:02:14'),
('17', 'soluta', 'Culpa est enim ratione omnis possimus totam. Corrupti totam est sint tempore reiciendis odio. Molestiae consequatur reiciendis cupiditate incidunt consequatur natus at.', '7396.36', 17, '1983-06-27 04:21:39', '2010-03-09 00:36:44'),
('18', 'hic', 'Velit ratione porro accusamus totam officia et. Non qui voluptatem ipsum omnis sapiente. Voluptas dolorem similique tempora culpa qui rerum.', '72709.78', 18, '1994-03-11 10:00:04', '2009-05-17 17:45:31'),
('19', 'a', 'Laborum consectetur exercitationem et beatae qui quis. Qui repudiandae itaque sint. Et saepe nobis excepturi minima reiciendis iure amet doloremque.', '16.19', 19, '2009-02-08 19:21:01', '2013-09-05 21:31:31'),
('20', 'eum', 'Eos beatae porro quis ut. Quos modi aliquid laborum earum exercitationem. Quia suscipit enim blanditiis eligendi. Ut et consequatur possimus sed.', '149.00', 20, '1973-11-14 09:15:08', '2009-12-03 17:16:53'),
('21', 'adipisci', 'Et reiciendis voluptates delectus. Quis ratione eaque ad autem molestiae ea quam. Numquam in est laborum dolor.', '655.78', 21, '1992-08-31 04:04:48', '1992-05-06 14:11:38'),
('22', 'quia', 'Sapiente sit ut ipsam quo ducimus. Autem autem eius commodi at ipsam ut unde. Asperiores fuga doloremque ipsam commodi et autem est.', '6024780.65', 22, '2012-10-03 04:03:44', '2006-08-14 17:11:38'),
('23', 'inventore', 'Deleniti dolorem quo deserunt assumenda modi doloribus magnam. Recusandae tenetur vitae aliquid aut enim. Id quia sint eaque explicabo natus aperiam minima veritatis.', '2502654.78', 23, '2018-08-05 15:21:00', '2012-11-03 01:54:06'),
('24', 'quia', 'Temporibus maiores rerum ratione expedita. Ipsa mollitia autem blanditiis aut similique minus architecto. Tempore consequatur rerum error quo laboriosam ut.', '346725729.59', 24, '1971-06-21 08:25:08', '1993-07-30 22:45:35'),
('25', 'quis', 'Sit rerum quis ipsam voluptas. Occaecati voluptatem architecto natus alias. Illum totam ea rerum et. Iusto dolores unde aspernatur est.', '259665401.14', 25, '1997-06-27 23:59:54', '1976-07-14 01:40:14'),
('26', 'veniam', 'Illum numquam qui numquam nisi repellendus eaque eos. Ut exercitationem ut fuga rerum. Illum dolorem vel rerum.', '7681.59', 26, '2009-04-17 00:35:41', '1983-05-07 18:53:54'),
('27', 'alias', 'Ipsam qui voluptatem aliquid dolorem. Est non perspiciatis reprehenderit asperiores est repellendus. Odio et nihil in nostrum eum eligendi unde.', '23.54', 27, '1974-01-29 09:39:39', '1980-05-26 12:12:27'),
('28', 'accusamus', 'Labore explicabo aliquam architecto iusto quia. Est vel debitis repellat dolores quo fugiat.', '0.05', 28, '2006-03-12 08:05:47', '2015-08-02 14:50:24'),
('29', 'exercitationem', 'Consequatur impedit voluptatem qui aut eos. Perferendis quaerat sapiente quis aliquam minus. Nulla repellendus sit ut sunt saepe provident. Et officia odio fugit aut qui quae fuga.', '0.21', 29, '2011-06-15 19:16:00', '1999-04-02 09:58:14'),
('30', 'temporibus', 'Est ut nemo doloribus ex magnam et. Consequatur iure molestiae autem. Aut officia ea tempore adipisci voluptatum adipisci sed. Rerum cupiditate quia velit et aut sed animi.', '0.00', 30, '1970-12-25 10:25:43', '1994-09-18 04:29:33'),
('31', 'et', 'Enim quaerat aut est et earum illo perspiciatis. Similique nam aut earum occaecati. Qui incidunt quasi nobis qui tempore maxime.', '68.17', 31, '1978-08-01 21:28:24', '1995-08-10 09:04:27'),
('32', 'a', 'Nesciunt blanditiis corporis magni voluptatum quod rerum consequatur sed. Quibusdam ut reprehenderit ut minus tempore exercitationem dolorem. Corrupti sit qui explicabo amet omnis in natus vitae.', '31320870.48', 32, '2020-03-28 04:25:24', '1984-10-13 13:45:16'),
('33', 'saepe', 'Est laborum et sapiente molestiae quasi quia consectetur accusamus. Numquam porro cum alias quibusdam ut sint earum eius.', '504942.25', 33, '1980-09-16 18:58:15', '2011-01-28 14:59:50'),
('34', 'ducimus', 'Tenetur sit qui earum eos et necessitatibus. Est sunt ab quia aliquid. Maiores laboriosam inventore commodi laborum praesentium libero. Sed aliquid dolores maiores cum dicta esse.', '53547813.15', 34, '2005-07-19 02:38:27', '1984-05-31 16:48:33'),
('35', 'a', 'In accusantium repellat vitae et voluptas quibusdam placeat. Nam recusandae corrupti autem assumenda libero. Quaerat distinctio repellat asperiores maiores voluptates eveniet placeat.', '218.95', 35, '1975-01-22 17:20:20', '1975-10-31 18:46:17'),
('36', 'cum', 'Dicta omnis autem qui et animi sint. Itaque aperiam dolore odit voluptas. Veritatis aut quisquam fugit necessitatibus et eius.', '260.88', 36, '1988-10-29 06:02:58', '2002-10-11 15:23:41'),
('37', 'in', 'Tenetur provident nemo sunt consequuntur non. Quia cumque quis laborum ratione facere laudantium. Voluptatem est non est autem quo tempore deserunt.', '19300.87', 37, '1980-01-28 07:20:39', '2008-12-25 20:35:37'),
('38', 'in', 'Ipsa voluptatibus placeat nesciunt ut quae explicabo. Voluptates ut voluptatum magnam cumque fugiat sit possimus. Qui tempora laborum et ab. Suscipit ab velit autem aperiam.', '688484.60', 38, '1980-12-20 06:00:48', '1973-06-08 04:28:56'),
('39', 'ipsum', 'Et repudiandae distinctio sit ut corrupti. Expedita temporibus rem facere cupiditate voluptatem consequatur occaecati. Totam laboriosam omnis alias quae.', '6732081.08', 39, '2009-03-22 12:35:24', '1999-05-27 05:10:29'),
('40', 'consectetur', 'Vitae in illo amet voluptas quis in tempore. Vitae enim a excepturi et id exercitationem. Eos voluptatem consequatur vel non minus ipsum.', '3.70', 40, '1989-09-05 12:27:54', '1975-04-11 09:08:17'),
('41', 'praesentium', 'Quis molestiae a delectus aut. Nobis voluptatem quis omnis.', '1013620.67', 41, '1993-01-18 19:43:05', '1989-03-11 12:48:38'),
('42', 'fugiat', 'Molestiae aut a deserunt consectetur dolor ipsum. Incidunt explicabo qui quia quia repellendus accusamus. Ab molestiae velit cumque amet eligendi.', '2610.00', 42, '2014-08-30 09:46:03', '1974-06-26 10:31:01'),
('43', 'minima', 'Incidunt illo consequuntur autem consectetur et sint. Expedita quisquam accusamus aperiam incidunt ea. Delectus praesentium ipsa qui est tempore. Deserunt omnis eaque sequi commodi adipisci.', '12.11', 43, '2006-12-06 12:47:48', '1992-10-04 10:29:43'),
('44', 'nemo', 'Repellendus voluptas ab sed tenetur autem incidunt sint. Quo iusto autem itaque. Voluptate sint molestiae quasi praesentium consequatur libero.', '1070529.27', 44, '2006-01-24 19:30:14', '1992-06-11 16:20:15'),
('45', 'aut', 'Accusamus eum qui sed iste quasi blanditiis mollitia. Aspernatur dolor voluptatem sed quia aspernatur. Ut magni ad voluptates iusto et id. Est perferendis temporibus debitis qui non.', '0.00', 45, '2020-10-14 14:24:22', '1972-05-03 01:00:42'),
('46', 'voluptatem', 'Unde amet qui nulla at nemo reprehenderit. Qui ad sunt ea aspernatur nihil debitis. Nisi laborum quae facere non.', '601907715.62', 46, '2006-12-16 13:07:17', '2002-01-12 11:19:06'),
('47', 'dignissimos', 'Aut rerum ullam sint dicta. Non eos dolorem praesentium repellat voluptatum sed in ea. Iure id omnis temporibus sint quisquam eos ad fugit. Laudantium natus autem explicabo error qui.', '83.38', 47, '2015-10-08 19:59:38', '1990-09-08 15:23:18'),
('48', 'suscipit', 'Ut iure provident ipsum magni dolorum repellendus ipsa eos. A nihil eius in tempora. Aut impedit repellat repellat quia accusamus doloribus dolores.', '628.10', 48, '2013-01-04 04:34:43', '2015-02-08 00:20:26'),
('49', 'totam', 'Delectus ratione magnam et perferendis soluta ut quibusdam. Quaerat minus dolorem animi vel eius tenetur dolorum. Modi aliquam molestias enim. Quis repudiandae vel corporis nostrum dicta quia facere.', '0.00', 49, '1982-09-03 15:48:26', '2012-08-16 14:44:45'),
('50', 'earum', 'Eos accusamus quisquam minus atque qui. Qui vero culpa in temporibus quia quae similique. Et libero aut ut aut culpa omnis doloremque.', '4.13', 50, '2007-06-26 07:29:50', '2003-12-07 05:22:20'),
('51', 'recusandae', 'Adipisci quas et dolor et magni placeat suscipit non. Consequatur deleniti id doloremque atque. Qui soluta ut modi unde accusamus sed qui. Illo sunt quo et tempore.', '307.00', 51, '1995-01-21 09:31:29', '1977-04-12 03:56:58'),
('52', 'culpa', 'Fugit qui assumenda dolore. Consequatur quaerat repellendus similique. Dolorem ex recusandae velit non debitis.', '21.75', 52, '1992-01-17 05:21:39', '1975-11-09 16:36:55'),
('53', 'minus', 'In voluptas consequatur sint quia. Et voluptatibus quaerat ullam doloremque voluptatem mollitia aspernatur. Rerum enim ducimus nihil debitis aperiam. Aut sed illo nihil rerum sunt.', '456296943.45', 53, '1980-12-29 12:24:23', '2004-05-20 17:44:04'),
('54', 'earum', 'Rerum sint saepe deserunt eum magnam delectus voluptatem. Totam sit laboriosam voluptatem et beatae.', '526.20', 54, '1988-05-03 20:44:37', '1973-04-29 07:54:14'),
('55', 'quae', 'Dolores accusantium et temporibus deleniti aut. Dolore minima aut tenetur ea architecto autem explicabo. Alias et consequatur repudiandae omnis.', '136848335.50', 55, '1977-01-29 16:24:38', '1976-02-24 01:56:26'),
('56', 'ullam', 'Aut expedita iste laboriosam laboriosam est. Dignissimos corrupti et rerum et. Dolor cum quibusdam reiciendis et et. Alias sequi ex enim totam aut.', '2529.70', 56, '2015-11-26 16:28:28', '2016-11-30 03:28:26'),
('57', 'sed', 'Voluptate occaecati dolor consectetur illum et. Nisi dolorum molestiae voluptatum ipsum. Deserunt odio distinctio quis asperiores culpa odit eius iste.', '11173754.76', 57, '2021-02-06 12:53:21', '1988-06-18 11:07:55'),
('58', 'soluta', 'In assumenda facilis voluptatibus veritatis beatae distinctio. Id molestiae occaecati ipsam nobis eos blanditiis ea. Et nam in non corporis porro omnis.', '32.60', 58, '2002-09-10 02:18:06', '1980-05-24 01:35:29'),
('59', 'cum', 'Officia illum sed quo corporis. Odio illum sunt in dolores.\nHic adipisci a molestiae aliquid dolore sed. Sit quia ut expedita et.', '1.98', 59, '1986-11-05 08:17:16', '2000-09-28 03:05:56'),
('60', 'atque', 'Hic explicabo consequatur perspiciatis voluptas qui blanditiis. Ea qui atque ut ut. Quod quis nihil accusantium quasi. Soluta rem facere laboriosam harum dicta quasi similique.', '26894.35', 60, '2010-12-22 11:01:37', '2001-03-07 12:34:45'),
('61', 'ducimus', 'Incidunt aspernatur qui aut saepe minima nobis repudiandae. Velit ut voluptatum cupiditate praesentium dolorum id. Hic sunt perferendis et perspiciatis.', '77796.31', 61, '1975-04-03 10:44:18', '1998-10-27 05:26:38'),
('62', 'sunt', 'Veritatis perferendis iste vero rerum ad eum. Quia accusamus similique error corporis nemo temporibus repudiandae. Quis omnis corrupti distinctio aut.', '563.01', 62, '1983-06-21 13:31:46', '1980-02-01 23:10:56'),
('63', 'ea', 'Deleniti et doloremque atque culpa. Modi et nulla sit blanditiis sunt ipsa. Tenetur enim et vel perferendis explicabo minima in. Numquam quia illum laborum ipsam.', '294754196.54', 63, '2013-11-25 02:48:15', '1994-05-02 08:40:54'),
('64', 'qui', 'Occaecati laudantium tempora praesentium aspernatur. Eius quia laborum blanditiis vel. Repellendus harum facilis fugiat dolor corrupti magni veniam. Est voluptatem suscipit quia porro qui numquam.', '51522.00', 64, '2016-06-01 05:52:21', '2005-05-13 12:20:33'),
('65', 'enim', 'Velit occaecati delectus voluptatem ex eum culpa. Accusantium consequatur aut labore in nihil et dolorem. Suscipit rem ea id deserunt labore.', '5.20', 65, '1991-09-30 13:17:40', '1978-11-07 15:04:07'),
('66', 'aliquam', 'Consequatur asperiores facere quia exercitationem fuga. Atque impedit consequatur eveniet provident fugiat. Inventore quia repudiandae ea illo. Optio mollitia soluta omnis facere voluptates minus.', '0.00', 66, '2002-07-31 23:12:29', '2011-10-07 11:14:03'),
('67', 'rerum', 'Ducimus sit accusamus rem impedit ut. Sed et voluptates reiciendis odit itaque. Laudantium quidem aperiam et adipisci dolore nihil voluptate.', '0.00', 67, '1995-08-23 11:31:14', '2016-10-01 04:19:06'),
('68', 'est', 'Veritatis eos in et velit autem sed. Et qui ratione vel natus perferendis. Sed perferendis voluptatum veritatis.', '552200.89', 68, '1977-07-07 03:02:10', '1996-01-11 18:12:06'),
('69', 'consequatur', 'At similique quo accusamus quo voluptas corrupti optio. Consequatur voluptatem optio quae incidunt doloremque ut. Et dolore porro sequi laudantium eos molestiae.', '2388.86', 69, '2006-10-19 02:41:25', '1970-06-02 00:47:06'),
('70', 'voluptas', 'Voluptates voluptatibus officia et. Odio blanditiis repudiandae dignissimos et porro. Et velit aliquid quibusdam deleniti aliquam consequatur. Et accusantium est vel qui sit nesciunt odio.', '0.71', 70, '2013-04-12 14:16:23', '2012-10-27 10:12:51'),
('71', 'perspiciatis', 'Consequatur ut assumenda blanditiis. Commodi rerum fugit deserunt facilis. Non dolor error doloribus in recusandae.', '570.74', 71, '2018-12-29 12:13:12', '1975-05-08 11:38:41'),
('72', 'impedit', 'Est ipsam et alias id in. Sint omnis consectetur magnam laboriosam id blanditiis. Eos rerum molestiae eum consequuntur omnis. Totam in autem natus in non sit porro.', '161.76', 72, '1984-11-01 08:00:28', '1994-11-24 22:25:29'),
('73', 'sed', 'Aliquam doloribus eveniet autem velit dolore earum assumenda. Debitis et quia qui magnam iure inventore. Alias facere consequatur earum unde voluptas reiciendis.', '2453818.00', 73, '2007-08-30 23:58:15', '1999-03-04 18:19:15'),
('74', 'inventore', 'Enim animi quia dolorum aut modi vitae ex. Eligendi fugit est earum odit. Blanditiis nulla ad maiores asperiores quo similique.', '4.19', 74, '2001-12-09 02:56:12', '1971-01-23 15:06:46'),
('75', 'eos', 'Possimus consequatur ipsam nostrum aut qui esse nam. Nemo sunt quae sit facere doloribus dicta ut.', '83893.20', 75, '1995-10-30 05:47:31', '1980-08-25 11:30:08'),
('76', 'quia', 'Est incidunt nemo et necessitatibus quam sint recusandae. Id autem voluptas fugiat ratione. Consequatur perferendis similique nisi qui accusantium facere. Aut velit pariatur velit vel.', '2425215.47', 76, '2004-05-14 21:07:12', '2004-04-24 16:48:57'),
('77', 'repudiandae', 'Et dolor sed sunt architecto quo saepe. Nihil ipsum rem magni illo libero. Aut sunt odit minus expedita. Quis voluptate perferendis non vel.', '6.84', 77, '2001-01-30 02:17:30', '2002-04-20 16:41:04'),
('78', 'cum', 'Ut ut facere ut et adipisci nesciunt. Modi minus ut illum optio placeat maiores reprehenderit possimus. Omnis et aliquam asperiores vel qui non. Ut sequi id itaque eos maiores et.', '7436.61', 78, '2016-06-08 10:11:53', '2005-10-08 23:16:37'),
('79', 'et', 'Facere quia minima voluptatem quia mollitia ex officia. Omnis et possimus quia similique asperiores. Optio et porro consectetur quas facere deleniti et.', '339.54', 79, '1999-05-30 08:23:17', '2002-12-07 09:18:08'),
('80', 'assumenda', 'Fugiat optio nostrum nesciunt iusto sint. Eligendi sed sint tempora nisi molestias ut. Assumenda mollitia quibusdam praesentium similique commodi ut consequatur.', '69049389.52', 80, '2013-04-15 14:21:30', '1995-06-12 05:15:24'),
('81', 'possimus', 'Nulla illum eaque atque cumque. Repellat qui cumque et nostrum quasi voluptas et. Sint laboriosam consequatur quisquam aliquid quos. Dignissimos nulla eum dolores corporis.', '371.49', 81, '1985-09-22 20:07:47', '1983-06-18 22:04:24'),
('82', 'non', 'Exercitationem minima perspiciatis mollitia nulla quam. Eius deserunt sit consequatur quo. Molestias sint quidem voluptatem ducimus ut repellendus et doloribus.', '222.86', 82, '1970-09-17 18:51:30', '1980-11-08 10:31:00'),
('83', 'qui', 'Illum omnis repellendus aliquam vel iusto dolores. Sed eaque est voluptatem dolores culpa autem. Quidem aperiam vero ad dignissimos. Sit quia consequatur necessitatibus et dolores quibusdam facere.', '174.70', 83, '1971-02-22 18:54:31', '2001-02-12 09:29:12'),
('84', 'illum', 'Saepe dolorem nemo ut qui. Tempore quis sunt blanditiis libero. In voluptas consequatur laborum alias est qui qui rem.', '5930.91', 84, '2015-07-23 23:21:52', '1971-02-07 21:51:09'),
('85', 'aut', 'Eum veniam laborum omnis ut voluptates. Ea voluptatem consequatur magni repellendus et. Magni nemo veritatis maxime quas aut dolor.', '2128.71', 85, '2015-11-24 10:52:29', '2017-12-28 02:12:16'),
('86', 'explicabo', 'Rerum laudantium voluptate laudantium totam optio tempore. Possimus optio odit ducimus sint. Id molestias et est reprehenderit inventore.', '327657166.16', 86, '2010-07-18 10:47:11', '2021-04-05 02:22:54'),
('87', 'laborum', 'Sequi amet cupiditate placeat sit hic. Doloremque quisquam dolore et quis. Et ab omnis aliquam corporis alias. Tempora ipsa eos nobis.', '66526996.35', 87, '2020-02-07 04:47:14', '1998-02-15 03:18:16'),
('88', 'facere', 'Voluptatem in esse iste magni. Numquam ut omnis necessitatibus nesciunt quo.', '541870.98', 88, '2010-11-23 22:46:32', '1975-02-25 11:13:53'),
('89', 'distinctio', 'Possimus et incidunt et aliquid. Qui neque non necessitatibus consequuntur numquam rerum est. Eum similique ex provident quis. Ex repellendus totam id culpa.', '38.63', 89, '2011-09-04 06:21:04', '2012-10-28 20:59:24'),
('90', 'amet', 'Recusandae incidunt qui ut consequatur in error cumque. Eveniet quam dolorem quaerat numquam aperiam cumque. Eum et pariatur incidunt eaque iusto dolor dolores.', '351780.00', 90, '1990-12-22 05:25:59', '2002-04-17 13:01:33'),
('91', 'quis', 'Quia placeat reiciendis id voluptas veniam. Facere quasi occaecati porro. Et atque eveniet hic totam omnis. Sit itaque adipisci ut ducimus.', '1336043.85', 91, '1997-07-28 16:14:18', '1994-08-14 02:53:19'),
('92', 'ut', 'Soluta dolore laborum ipsum accusamus soluta. Et atque error provident architecto. Architecto facilis quasi ut rem nobis est.', '2895.09', 92, '1975-01-31 13:12:17', '2014-11-19 19:57:33'),
('93', 'aut', 'Et sit quidem delectus eos pariatur commodi. Enim laudantium cumque dolor eius corporis. Officia ut exercitationem perspiciatis. Ut eveniet tempore enim molestiae laudantium.', '2.24', 93, '1987-01-20 13:59:19', '2009-03-27 07:10:20'),
('94', 'veritatis', 'Provident voluptates rerum aut. Culpa molestiae impedit expedita perspiciatis earum nihil. Eum enim eius voluptatem neque. Omnis quia aut et rerum dolore accusantium.', '0.90', 94, '2019-06-15 11:09:59', '1978-01-27 19:11:51'),
('95', 'nihil', 'Consequatur dicta tempore et occaecati voluptates sint et. Et officiis a ea distinctio. Vel officia sed nihil quisquam totam facere. Placeat maiores laborum odio velit rerum eum molestiae.', '25986012.18', 95, '1991-07-04 23:41:48', '2002-01-20 00:09:13'),
('96', 'optio', 'Autem omnis voluptatem sequi et. Sed repudiandae sit culpa ea amet. Aperiam exercitationem aut et consectetur et et. Dicta reiciendis vitae libero autem.', '2.47', 96, '1971-09-09 09:33:14', '1986-06-22 17:49:32'),
('97', 'non', 'Et qui ut illum natus. Voluptas suscipit eos recusandae excepturi odit natus eligendi illum.', '1827.79', 97, '1971-06-01 20:12:07', '1973-02-06 13:44:40'),
('98', 'amet', 'Et unde aut aliquid consequatur. Dolorum adipisci odio qui assumenda. Deleniti et earum voluptate inventore expedita enim est. Quidem temporibus quod quidem unde nihil voluptas.', '0.00', 98, '2011-11-20 21:54:55', '1971-05-17 04:58:34'),
('99', 'eum', 'Voluptatem corporis et rerum necessitatibus et aliquid. Ut laudantium aliquam qui omnis et maxime. Totam minima et incidunt ut earum accusantium. Deleniti et cum dolore ad sint sint incidunt qui.', '75244.64', 99, '2016-09-04 22:51:01', '2008-06-24 04:54:43'),
('100', 'iste', 'Nulla ut excepturi assumenda eos dolores quod ipsam. Ad facilis eaque doloremque rem doloremque expedita debitis. Deserunt quaerat alias ut possimus consectetur.', '162352.54', 100, '1975-11-06 12:14:38', '1986-08-06 05:54:30');

INSERT INTO `storehouses_products` (`id`, `storehouse_id`, `product_id`, `value`, `created_at`, `updated_at`) VALUES
('1', 1, 1, 5532178, '1973-07-01 17:18:29', '2007-03-25 04:35:18'),
('2', 2, 2, 6102, '1977-04-05 23:47:01', '2009-09-11 18:31:59'),
('3', 3, 3, 641200, '2003-06-09 18:46:19', '2004-03-07 17:21:24'),
('4', 4, 4, 8, '2011-11-11 21:26:26', '1982-03-19 16:33:43'),
('5', 5, 5, 26991, '2007-09-06 08:45:35', '2003-01-25 12:54:14'),
('6', 6, 6, 96467, '1987-06-01 15:29:24', '1999-12-12 19:45:27'),
('7', 7, 7, 0, '2002-05-09 14:50:58', '2002-02-12 04:52:56'),
('8', 8, 8, 2, '1991-10-06 10:29:27', '2015-12-16 01:56:31'),
('9', 9, 9, 2954, '1977-11-27 18:35:52', '1984-06-14 07:56:32'),
('10', 10, 10, 8, '2014-06-01 10:13:34', '1990-12-28 23:12:24'),
('11', 11, 11, 0, '1995-04-29 13:15:59', '2008-04-13 21:11:08'),
('12', 12, 12, 0, '2021-05-11 18:46:48', '2009-04-26 11:38:55'),
('13', 13, 13, 0, '2012-01-25 18:24:45', '1997-08-17 14:15:54'),
('14', 14, 14, 5, '2008-11-03 01:47:05', '1996-01-13 08:34:56'),
('15', 15, 15, 4, '1973-07-22 21:43:52', '1979-07-03 10:25:14'),
('16', 16, 16, 31349, '1993-05-24 23:52:22', '1987-11-19 21:07:19'),
('17', 17, 17, 637790, '1976-05-04 22:11:15', '2014-03-25 10:58:25'),
('18', 18, 18, 50, '1993-05-05 09:36:31', '1973-09-14 11:03:34'),
('19', 19, 19, 11, '2013-04-28 13:41:07', '2011-09-27 16:14:39'),
('20', 20, 20, 423139, '2017-12-30 05:38:28', '1979-07-06 11:01:46'),
('21', 21, 21, 189617, '2000-12-20 15:23:56', '2014-11-14 21:29:31'),
('22', 22, 22, 51400, '1972-07-30 12:32:47', '1971-07-23 19:40:26'),
('23', 23, 23, 5729, '2007-09-23 20:49:22', '1976-05-13 21:56:38'),
('24', 24, 24, 550, '2007-12-20 19:02:53', '1995-06-08 05:40:54'),
('25', 25, 25, 3, '1979-11-26 09:49:37', '1987-03-05 19:10:00'),
('26', 26, 26, 961, '1982-12-26 19:21:55', '1985-02-18 16:39:44'),
('27', 27, 27, 227486223, '2008-09-22 03:49:52', '2000-02-26 01:44:39'),
('28', 28, 28, 45, '1982-02-27 16:22:09', '2017-12-27 07:25:31'),
('29', 29, 29, 392491, '2011-01-24 17:41:44', '2014-06-07 07:31:04'),
('30', 30, 30, 4512, '2008-04-26 08:47:59', '1997-01-25 10:16:35'),
('31', 31, 31, 50900882, '2010-02-09 14:21:30', '1982-09-27 19:34:32'),
('32', 32, 32, 0, '1999-04-07 11:53:19', '1999-09-18 18:17:20'),
('33', 33, 33, 8756524, '1997-03-27 00:16:13', '1991-09-25 07:35:10'),
('34', 34, 34, 632082, '1990-10-13 05:32:19', '2000-07-15 21:53:38'),
('35', 35, 35, 0, '1978-09-23 21:29:49', '1975-04-14 06:35:03'),
('36', 36, 36, 3574042, '2009-07-17 02:17:41', '1982-11-05 08:11:25'),
('37', 37, 37, 0, '1992-08-06 19:16:03', '2003-04-13 23:59:39'),
('38', 38, 38, 2, '1980-03-19 12:06:25', '1976-11-20 09:06:38'),
('39', 39, 39, 22, '2015-08-03 11:59:30', '2005-12-24 15:14:36'),
('40', 40, 40, 91357, '2005-06-17 16:11:59', '2011-03-31 11:01:28'),
('41', 41, 41, 812269087, '1981-11-06 05:33:08', '2019-12-09 04:46:34'),
('42', 42, 42, 0, '1978-09-05 17:20:37', '1970-09-17 02:14:05'),
('43', 43, 43, 21691, '1991-08-20 03:09:35', '2014-09-03 13:12:30'),
('44', 44, 44, 466866, '1980-08-07 22:38:50', '1986-07-24 02:51:32'),
('45', 45, 45, 951041064, '2020-07-22 00:36:24', '2012-07-09 15:16:51'),
('46', 46, 46, 0, '1994-05-29 11:39:05', '2011-12-17 12:10:08'),
('47', 47, 47, 6373923, '1977-12-20 19:27:21', '1991-03-27 07:15:15'),
('48', 48, 48, 12, '1973-01-16 04:58:51', '1978-05-11 22:34:12'),
('49', 49, 49, 8213, '1987-12-18 04:47:53', '1977-05-23 11:24:09'),
('50', 50, 50, 9024910, '1986-08-08 00:44:24', '2001-12-21 05:30:40'),
('51', 51, 51, 762616, '1989-06-13 17:41:31', '2008-01-12 21:50:58'),
('52', 52, 52, 625, '1978-07-07 02:09:14', '1996-04-23 10:57:04'),
('53', 53, 53, 9, '1974-05-12 23:32:32', '2011-08-05 16:32:43'),
('54', 54, 54, 0, '1979-09-30 08:05:59', '1995-05-30 18:51:30'),
('55', 55, 55, 84, '2017-01-30 02:16:35', '2014-08-02 09:48:32'),
('56', 56, 56, 134061, '2001-05-03 03:54:33', '1973-12-20 00:04:45'),
('57', 57, 57, 331, '1978-06-21 12:14:42', '1987-04-14 11:22:36'),
('58', 58, 58, 1422176, '2008-08-20 02:13:09', '2018-01-28 04:12:48'),
('59', 59, 59, 4978, '2013-09-28 17:22:14', '1973-08-27 08:40:28'),
('60', 60, 60, 814, '2006-05-16 13:08:36', '1978-12-12 13:33:49'),
('61', 61, 61, 5794047, '2005-01-25 13:48:34', '1983-01-11 12:43:39'),
('62', 62, 62, 2, '1970-10-29 08:03:33', '2015-05-02 06:39:42'),
('63', 63, 63, 7065, '2006-01-26 15:08:47', '1979-10-02 23:12:39'),
('64', 64, 64, 207718, '1989-01-20 16:54:45', '1992-10-17 16:38:26'),
('65', 65, 65, 317265, '2007-04-13 00:41:51', '1976-09-13 16:08:01'),
('66', 66, 66, 17, '1981-04-08 23:15:58', '1994-05-22 21:17:41'),
('67', 67, 67, 58, '1988-05-22 13:30:30', '1981-04-20 12:00:20'),
('68', 68, 68, 229712916, '2010-03-11 09:41:07', '2014-04-14 21:13:30'),
('69', 69, 69, 0, '1993-05-31 14:34:10', '1978-09-04 11:21:30'),
('70', 70, 70, 0, '2015-03-30 20:04:14', '1995-12-31 23:56:35'),
('71', 71, 71, 20, '1998-10-13 15:06:14', '2019-03-10 15:46:54'),
('72', 72, 72, 88870, '2014-08-03 19:26:05', '1995-09-08 21:56:14'),
('73', 73, 73, 2, '1991-04-07 05:36:09', '1976-06-02 03:07:11'),
('74', 74, 74, 5829263, '1973-07-10 09:58:22', '2018-12-03 01:43:38'),
('75', 75, 75, 3, '1999-12-09 23:45:49', '2004-01-20 00:25:53'),
('76', 76, 76, 5, '2007-09-08 20:19:02', '1977-04-03 03:59:01'),
('77', 77, 77, 6, '1991-12-01 19:37:33', '2014-05-15 17:46:56'),
('78', 78, 78, 255, '1996-06-27 02:16:00', '1972-05-09 17:26:34'),
('79', 79, 79, 8674, '2006-12-03 18:30:57', '2014-05-26 14:59:44'),
('80', 80, 80, 255506884, '1997-07-30 11:57:07', '1980-09-24 04:20:08'),
('81', 81, 81, 467633, '2009-11-03 21:29:24', '2019-01-27 10:12:21'),
('82', 82, 82, 59, '1992-12-21 16:46:20', '2012-06-08 00:26:28'),
('83', 83, 83, 352, '1972-02-19 15:35:04', '1986-06-02 16:11:52'),
('84', 84, 84, 478241, '1970-02-15 02:43:54', '1995-12-21 06:55:01'),
('85', 85, 85, 70, '2019-01-21 11:59:17', '1998-02-18 00:20:58'),
('86', 86, 86, 92, '2011-05-29 10:33:39', '2018-11-27 08:08:45'),
('87', 87, 87, 668108, '2004-03-02 18:16:51', '2004-10-31 10:03:47'),
('88', 88, 88, 64, '1980-09-10 01:55:55', '2008-07-12 11:56:16'),
('89', 89, 89, 0, '1974-08-05 09:45:49', '2011-09-22 18:38:22'),
('90', 90, 90, 0, '1987-08-05 10:11:42', '1978-11-16 21:25:07'),
('91', 91, 91, 755, '1986-09-20 21:31:57', '1988-10-27 11:42:24'),
('92', 92, 92, 13260, '2002-01-23 11:12:08', '1974-09-09 19:26:04'),
('93', 93, 93, 5844, '1971-07-11 06:58:03', '1977-03-17 16:04:53'),
('94', 94, 94, 2, '1988-07-16 12:42:46', '1991-10-04 10:38:59'),
('95', 95, 95, 9127240, '1978-11-17 09:11:34', '2002-05-26 03:34:09'),
('96', 96, 96, 190734094, '1999-10-21 21:56:21', '1982-10-29 11:47:45'),
('97', 97, 97, 1424217, '1989-07-09 16:44:19', '2010-01-27 12:13:23'),
('98', 98, 98, 960157973, '1978-06-15 08:17:33', '2004-07-29 02:05:48'),
('99', 99, 99, 279, '1992-04-29 16:53:29', '1994-08-10 10:10:12'),
('100', 100, 100, 405, '1988-11-18 07:37:47', '2003-08-25 15:12:35');

INSERT INTO `orders` (`id`, `user_id`, `created_at`, `updated_at`) VALUES
('1', 1, '2006-02-07 21:53:05', '2011-07-27 01:23:39'),
('2', 2, '2010-12-17 01:37:25', '1970-07-11 03:48:34'),
('3', 3, '1979-07-02 04:54:01', '2015-10-20 23:54:39'),
('4', 4, '2006-02-01 19:53:20', '1994-01-20 17:33:48'),
('5', 5, '1986-10-25 02:36:10', '2005-11-19 03:04:49'),
('6', 6, '2010-08-16 12:36:03', '2018-10-10 10:07:24'),
('7', 7, '2014-12-09 07:37:29', '2019-05-11 04:01:25'),
('8', 8, '2002-02-26 11:18:54', '1987-11-07 20:25:35'),
('9', 9, '2008-04-06 22:05:28', '2008-12-03 07:10:56'),
('10', 10, '2003-05-06 13:28:39', '1977-02-09 00:37:56'),
('11', 11, '2010-11-27 03:04:13', '2019-07-27 14:05:53'),
('12', 12, '2001-02-19 16:49:05', '1991-01-23 10:02:52'),
('13', 13, '1992-07-27 00:02:56', '1985-12-15 17:14:51'),
('14', 14, '2007-06-04 00:26:37', '1986-12-07 03:35:54'),
('15', 15, '2004-06-08 07:43:24', '2013-10-21 20:28:50'),
('16', 16, '2009-06-28 08:45:41', '1974-10-23 07:21:38'),
('17', 17, '2017-04-28 08:45:01', '1979-12-31 13:25:51'),
('18', 18, '2007-12-13 14:41:41', '1992-12-11 03:19:35'),
('19', 19, '1990-07-11 18:41:27', '1979-06-27 17:02:51'),
('20', 20, '2011-12-28 21:27:02', '1993-11-30 18:53:00'),
('21', 21, '1985-04-17 09:06:28', '1973-12-22 07:36:43'),
('22', 22, '2012-09-28 18:56:54', '2018-09-05 02:32:11'),
('23', 23, '2005-06-01 18:12:06', '1992-10-19 15:01:47'),
('24', 24, '2019-12-30 23:14:04', '1977-07-17 08:01:51'),
('25', 25, '2003-01-26 14:13:44', '2007-09-10 23:30:04'),
('26', 26, '2019-07-01 09:17:28', '1976-10-22 08:52:13'),
('27', 27, '2002-02-12 20:48:08', '2007-08-13 02:36:20'),
('28', 28, '1975-09-11 01:17:46', '2003-06-08 02:50:13'),
('29', 29, '2013-06-17 07:27:35', '2004-03-20 16:49:17'),
('30', 30, '1987-12-29 13:16:12', '1996-10-23 17:09:20'),
('31', 31, '1977-03-11 19:36:02', '1991-02-28 10:08:16'),
('32', 32, '2004-08-11 08:13:02', '2012-09-26 01:55:52'),
('33', 33, '2014-01-11 13:47:46', '2018-05-06 00:44:59'),
('34', 34, '1993-03-29 16:51:35', '1980-02-15 08:30:20'),
('35', 35, '1993-07-24 15:38:33', '1979-05-17 16:52:59'),
('36', 36, '2012-04-26 18:13:09', '2019-12-29 13:59:53'),
('37', 37, '1997-05-07 10:47:40', '1971-03-31 08:00:29'),
('38', 38, '2012-11-20 20:34:45', '2018-11-03 08:48:47'),
('39', 39, '2020-03-24 16:55:17', '2006-06-16 04:26:21'),
('40', 40, '2008-09-21 19:48:35', '1996-12-09 06:10:39'),
('41', 41, '1981-03-10 18:51:38', '2017-09-12 13:53:32'),
('42', 42, '1973-06-02 06:07:11', '2011-03-25 21:06:32'),
('43', 43, '1972-04-05 07:33:04', '1987-02-21 20:19:28'),
('44', 44, '1987-02-25 23:15:18', '2008-10-25 05:05:43'),
('45', 45, '1981-05-14 21:30:38', '1997-09-01 19:39:41'),
('46', 46, '2012-07-01 14:11:48', '2016-06-09 04:12:36'),
('47', 47, '1997-08-02 14:08:15', '2017-12-15 16:22:34'),
('48', 48, '1984-03-29 10:35:39', '1992-03-31 22:40:02'),
('49', 49, '2014-08-26 00:55:16', '1976-07-28 18:03:07'),
('50', 50, '1997-05-20 14:30:48', '2005-06-21 17:57:28'),
('51', 51, '2007-11-22 10:11:28', '1992-02-01 05:39:49'),
('52', 52, '2017-12-20 18:41:59', '1971-10-22 09:20:37'),
('53', 53, '1975-01-11 06:22:30', '1983-11-25 01:59:15'),
('54', 54, '1978-04-10 18:05:47', '2008-08-07 02:43:19'),
('55', 55, '2015-07-19 05:38:49', '1997-12-13 13:48:18'),
('56', 56, '1985-03-04 01:25:41', '2001-07-08 16:51:10'),
('57', 57, '1971-12-14 14:39:18', '2008-04-23 17:15:14'),
('58', 58, '1992-01-10 13:00:14', '2004-04-28 18:03:55'),
('59', 59, '1992-02-08 21:02:34', '1978-07-21 17:09:36'),
('60', 60, '2018-10-24 13:59:58', '2003-09-09 23:09:42'),
('61', 61, '1982-04-27 17:41:00', '2018-03-24 10:30:37'),
('62', 62, '1973-01-31 07:39:19', '2013-08-10 09:24:39'),
('63', 63, '1979-12-05 08:14:09', '1978-07-09 23:34:27'),
('64', 64, '2008-07-11 14:29:41', '2014-04-23 00:30:42'),
('65', 65, '1985-06-26 07:04:16', '1990-06-30 17:20:24'),
('66', 66, '1993-02-23 18:56:36', '2004-06-05 21:03:25'),
('67', 67, '1990-05-27 05:54:33', '2020-11-27 07:49:26'),
('68', 68, '2008-09-22 02:43:06', '1983-05-06 18:12:31'),
('69', 69, '1980-05-27 02:06:05', '2007-05-16 06:33:38'),
('70', 70, '1996-10-17 00:01:06', '2020-10-24 19:14:56'),
('71', 71, '2016-12-11 16:57:09', '1974-11-07 10:11:19'),
('72', 72, '1983-04-28 11:58:27', '2001-04-15 01:13:39'),
('73', 73, '1999-02-19 22:23:40', '1987-12-12 04:28:37'),
('74', 74, '1999-08-27 02:48:23', '2018-08-02 01:37:19'),
('75', 75, '1975-02-18 01:42:42', '1982-04-15 23:14:00'),
('76', 76, '1985-11-14 18:29:54', '1998-01-12 06:10:25'),
('77', 77, '1980-01-20 02:36:55', '1984-10-06 08:10:09'),
('78', 78, '1970-11-23 12:15:44', '1983-08-16 06:57:27'),
('79', 79, '2013-03-31 05:30:20', '2013-08-30 23:55:22'),
('80', 80, '2013-12-04 03:27:06', '1986-09-20 01:43:08'),
('81', 81, '1993-10-11 18:34:33', '1989-12-18 23:04:24'),
('82', 82, '2019-02-09 01:38:58', '2002-08-13 05:21:58'),
('83', 83, '1970-06-12 20:54:20', '1973-11-08 14:25:23'),
('84', 84, '1981-11-25 15:54:20', '1971-06-30 02:40:52'),
('85', 85, '1975-06-20 20:57:35', '1981-06-03 15:55:42'),
('86', 86, '2006-06-06 23:09:28', '1987-06-24 09:03:45'),
('87', 87, '1973-07-14 10:53:09', '2010-06-10 13:48:38'),
('88', 88, '1993-01-08 04:50:06', '1983-03-28 15:27:23'),
('89', 89, '1997-05-06 15:20:12', '1978-07-24 09:33:38'),
('90', 90, '2019-05-04 03:16:33', '1975-05-21 10:09:09'),
('91', 91, '2019-03-01 17:21:10', '1989-10-16 11:48:58'),
('92', 92, '1975-11-05 04:25:26', '1997-01-19 06:06:05'),
('93', 93, '2014-08-18 03:16:25', '1993-11-06 06:16:36'),
('94', 94, '1993-01-03 04:12:20', '1976-01-12 03:58:53'),
('95', 95, '1974-11-02 10:51:54', '1981-01-29 18:31:59'),
('96', 96, '1984-10-09 01:14:52', '2016-11-10 12:46:53'),
('97', 97, '1992-09-17 17:27:49', '1973-09-05 03:33:56'),
('98', 98, '2020-04-25 02:30:01', '1995-12-18 20:02:41'),
('99', 99, '1998-12-01 22:39:24', '1980-12-17 13:23:51'),
('100', 100, '1972-08-20 14:21:09', '2000-05-09 05:50:08');

INSERT INTO `orders_products` (`id`, `order_id`, `product_id`, `total`, `created_at`, `updated_at`) VALUES
('1', 1, 1, 7983, '1972-04-23 12:12:30', '2020-02-08 19:53:48'),
('2', 2, 2, 4, '1983-10-22 16:14:09', '1992-02-20 06:56:55'),
('3', 3, 3, 72555, '1995-09-06 18:36:55', '1991-12-22 10:37:10'),
('4', 4, 4, 584378909, '1994-12-27 07:22:24', '2015-10-01 02:49:51'),
('5', 5, 5, 520081, '1995-04-02 12:08:04', '1992-06-22 12:35:43'),
('6', 6, 6, 84346382, '1976-02-02 00:50:23', '2000-01-16 14:24:36'),
('7', 7, 7, 497049, '1971-03-04 19:55:13', '2019-06-21 18:40:14'),
('8', 8, 8, 2558166, '1980-01-19 21:12:26', '2005-03-25 21:12:37'),
('9', 9, 9, 22, '2000-07-12 21:15:27', '1990-11-13 15:07:13'),
('10', 10, 10, 1, '2015-12-29 13:43:54', '1971-05-28 01:16:37'),
('11', 11, 11, 78016595, '2002-02-11 07:24:47', '2009-09-30 13:10:08'),
('12', 12, 12, 6900, '2011-12-30 17:08:26', '1979-06-10 17:06:13'),
('13', 13, 13, 2598, '1997-11-13 19:22:10', '1977-07-19 05:08:35'),
('14', 14, 14, 58183, '1979-06-13 08:24:46', '2014-06-16 10:29:45'),
('15', 15, 15, 1411553, '1979-04-27 05:04:30', '1978-05-10 19:01:12'),
('16', 16, 16, 829, '1994-06-02 01:57:03', '2010-01-31 16:03:26'),
('17', 17, 17, 0, '1992-04-27 04:32:05', '1972-03-16 06:49:00'),
('18', 18, 18, 57339, '1986-12-19 23:07:51', '1997-09-19 06:10:47'),
('19', 19, 19, 452386725, '2010-08-29 14:55:55', '1979-08-13 16:31:12'),
('20', 20, 20, 3704569, '2016-06-23 15:59:18', '1980-04-03 00:07:59'),
('21', 21, 21, 57424, '1980-06-17 22:16:36', '1998-09-18 09:02:09'),
('22', 22, 22, 14602075, '1994-03-30 01:11:05', '1976-10-26 07:25:31'),
('23', 23, 23, 54637, '2005-04-15 23:07:35', '2017-04-02 18:48:17'),
('24', 24, 24, 0, '2002-09-03 15:54:07', '2010-01-20 12:29:50'),
('25', 25, 25, 176, '2008-10-01 04:20:10', '1976-06-12 17:27:08'),
('26', 26, 26, 132589831, '2003-02-26 08:24:25', '1978-02-18 22:31:58'),
('27', 27, 27, 5, '1972-10-27 21:43:47', '2006-05-17 02:47:19'),
('28', 28, 28, 92725742, '1984-08-30 19:45:53', '2000-07-06 12:37:31'),
('29', 29, 29, 98, '2015-02-20 07:11:28', '1981-05-16 09:07:16'),
('30', 30, 30, 0, '1986-04-22 15:32:42', '1975-07-16 02:14:42'),
('31', 31, 31, 0, '1994-08-10 22:38:56', '1975-09-25 03:55:24'),
('32', 32, 32, 9090817, '2013-06-17 14:12:04', '2020-11-20 14:13:25'),
('33', 33, 33, 0, '1979-11-17 13:53:01', '2002-08-28 21:15:02'),
('34', 34, 34, 67, '1994-09-16 09:21:24', '2020-01-27 04:22:44'),
('35', 35, 35, 513, '2007-02-05 10:08:57', '1970-04-02 08:57:26'),
('36', 36, 36, 0, '1971-12-23 23:13:56', '1972-05-18 11:48:18'),
('37', 37, 37, 1, '1974-09-18 12:45:41', '1972-08-22 03:38:05'),
('38', 38, 38, 5, '2005-09-22 18:41:12', '1976-07-14 13:32:58'),
('39', 39, 39, 0, '2019-12-25 18:26:56', '2019-11-10 14:10:33'),
('40', 40, 40, 12, '2011-07-20 17:03:20', '2004-06-19 20:18:41'),
('41', 41, 41, 24615840, '1988-08-05 00:37:14', '2018-11-26 11:43:02'),
('42', 42, 42, 787, '2014-11-13 18:54:46', '1982-02-09 07:00:34'),
('43', 43, 43, 6244, '2002-08-13 01:20:35', '2006-05-29 17:33:28'),
('44', 44, 44, 0, '1984-05-11 23:04:18', '2005-11-03 13:57:53'),
('45', 45, 45, 6808540, '1999-08-27 16:41:44', '1999-09-10 06:05:56'),
('46', 46, 46, 79, '1990-04-13 14:38:57', '1978-09-30 10:17:25'),
('47', 47, 47, 11756, '1999-05-21 10:27:04', '1981-05-14 09:52:27'),
('48', 48, 48, 6389, '1988-11-20 04:38:27', '1978-11-03 07:12:38'),
('49', 49, 49, 5175, '1978-09-13 09:26:05', '2016-09-03 22:03:25'),
('50', 50, 50, 8247, '2002-11-10 07:38:18', '1981-08-28 21:06:20'),
('51', 51, 51, 426522172, '2000-07-07 13:41:01', '2000-09-01 09:14:18'),
('52', 52, 52, 184, '2007-08-31 13:42:20', '2002-06-19 18:58:45'),
('53', 53, 53, 939660280, '2017-12-07 10:27:47', '2003-07-23 12:20:35'),
('54', 54, 54, 725, '2012-06-03 05:16:40', '1982-02-02 21:41:10'),
('55', 55, 55, 963, '2013-10-23 00:52:10', '1971-11-05 11:00:06'),
('56', 56, 56, 5, '1984-01-21 05:45:27', '1995-08-04 08:18:04'),
('57', 57, 57, 4146, '2009-07-11 21:59:17', '1996-06-06 12:43:06'),
('58', 58, 58, 50380, '2017-02-16 19:25:32', '2001-10-27 08:08:50'),
('59', 59, 59, 9933066, '2014-03-09 11:30:46', '1985-05-17 07:54:51'),
('60', 60, 60, 49607586, '1994-01-24 09:16:03', '1973-10-06 04:45:36'),
('61', 61, 61, 10, '1970-12-02 13:00:13', '1978-12-20 16:01:15'),
('62', 62, 62, 811544, '2011-03-06 20:15:41', '1983-11-29 15:54:01'),
('63', 63, 63, 6177, '1988-06-04 05:40:42', '1984-08-06 01:18:22'),
('64', 64, 64, 11870, '2012-11-08 07:00:09', '1975-02-02 00:03:46'),
('65', 65, 65, 33315182, '1989-05-05 06:53:04', '1989-08-05 07:50:00'),
('66', 66, 66, 878, '1983-02-23 16:42:33', '1988-11-16 09:47:07'),
('67', 67, 67, 938717, '1972-10-29 06:10:29', '1987-03-30 20:49:28'),
('68', 68, 68, 0, '2016-03-10 00:46:44', '1984-02-11 06:52:02'),
('69', 69, 69, 76934, '1982-09-14 03:34:25', '1975-12-06 23:09:23'),
('70', 70, 70, 2602, '1982-12-01 05:48:54', '1988-01-19 19:54:51'),
('71', 71, 71, 2, '1993-02-24 08:03:25', '2017-11-03 21:08:46'),
('72', 72, 72, 72992, '1991-11-19 11:10:02', '2006-10-31 19:01:21'),
('73', 73, 73, 0, '2001-02-22 08:19:46', '1974-03-17 02:23:23'),
('74', 74, 74, 198, '2018-12-25 04:53:01', '2000-08-13 13:02:34'),
('75', 75, 75, 5085, '1993-07-29 14:24:37', '2004-12-04 19:02:05'),
('76', 76, 76, 168774239, '1979-06-16 11:21:25', '1986-12-29 09:31:28'),
('77', 77, 77, 67, '2004-09-23 02:17:07', '1986-12-13 23:41:50'),
('78', 78, 78, 6, '2000-10-23 23:16:02', '1973-08-25 04:50:06'),
('79', 79, 79, 0, '2011-04-30 23:32:29', '1991-02-28 18:42:11'),
('80', 80, 80, 8, '2008-08-28 12:58:58', '2016-12-17 03:10:35'),
('81', 81, 81, 1, '1997-09-24 18:55:50', '1990-10-10 20:15:33'),
('82', 82, 82, 0, '1991-03-19 03:38:35', '2003-12-13 08:52:18'),
('83', 83, 83, 665, '1987-02-05 18:08:57', '1977-07-11 10:18:15'),
('84', 84, 84, 909174, '1999-06-07 04:13:44', '2013-11-11 03:20:10'),
('85', 85, 85, 8759925, '2007-06-09 20:44:02', '1996-08-31 21:40:10'),
('86', 86, 86, 7, '1996-06-24 08:35:52', '1983-03-21 16:06:32'),
('87', 87, 87, 542463955, '1999-04-18 10:47:15', '1973-06-26 11:17:50'),
('88', 88, 88, 86628, '2016-04-10 18:44:51', '1986-05-05 22:32:25'),
('89', 89, 89, 363533, '1992-11-05 20:45:04', '2016-10-18 00:47:07'),
('90', 90, 90, 371035547, '2012-05-02 21:12:22', '1981-11-10 16:31:39'),
('91', 91, 91, 15035, '2012-04-17 14:33:59', '2003-01-27 16:45:40'),
('92', 92, 92, 481424746, '2011-04-22 07:13:32', '1982-06-01 20:54:06'),
('93', 93, 93, 9, '1983-12-28 05:22:50', '2009-07-22 07:18:51'),
('94', 94, 94, 474813179, '1981-06-22 07:56:51', '2020-08-01 23:05:16'),
('95', 95, 95, 0, '1998-03-01 10:16:50', '1987-03-31 14:03:02'),
('96', 96, 96, 841829109, '2019-08-15 19:13:36', '1987-05-26 05:54:10'),
('97', 97, 97, 98495, '1978-06-25 19:55:20', '2019-10-16 15:12:55'),
('98', 98, 98, 3963, '1999-04-29 12:23:49', '2007-12-13 13:17:39'),
('99', 99, 99, 6457221, '1990-10-06 01:06:00', '2007-12-18 05:14:48'),
('100', 100, 100, 0, '2018-01-08 21:46:20', '2008-10-04 00:13:56');

INSERT INTO `discounts` (`id`, `user_id`, `product_id`, `discount`, `finished_at`, `started_at`, `created_at`, `updated_at`) VALUES
('1', 1, 1, '12', '1973-12-28 23:27:57', '2000-03-20 13:14:30', '1989-12-04 05:42:47', '1997-03-29 03:17:01'),
('2', 2, 2, '9', '1971-11-24 03:45:29', '1996-06-05 16:12:02', '1997-01-20 19:42:20', '2004-11-12 00:28:03'),
('3', 3, 3, '12', '2009-12-01 21:49:30', '2002-07-07 19:18:54', '2004-12-26 06:57:07', '1973-03-10 04:53:57'),
('4', 4, 4, '1', '1989-07-06 21:50:18', '1994-10-31 22:47:53', '1973-06-04 18:18:20', '1984-10-05 01:07:19'),
('5', 5, 5, '7', '1974-01-02 15:32:10', '1997-12-28 22:50:38', '1979-10-28 08:45:49', '2007-05-31 06:47:46'),
('6', 6, 6, '1', '2008-10-09 06:48:08', '1989-10-31 12:22:30', '1978-07-28 15:24:08', '1970-11-19 22:33:38'),
('7', 7, 7, '7', '1992-09-17 11:12:53', '1981-04-13 18:45:26', '2000-05-11 08:40:58', '1985-06-23 05:52:27'),
('8', 8, 8, '1', '1970-02-23 23:13:46', '1978-10-26 18:44:35', '1984-01-01 21:22:52', '1998-03-13 18:37:22'),
('9', 9, 9, '15', '1982-12-27 00:31:36', '2021-01-27 05:41:45', '2013-10-21 13:36:09', '2016-10-30 07:08:32'),
('10', 10, 10, '13', '2021-01-23 19:04:14', '1980-03-07 21:34:37', '2010-02-13 05:42:42', '1971-05-14 01:35:09'),
('11', 11, 11, '2', '1996-09-09 00:56:08', '2000-05-24 16:28:13', '2013-05-10 13:15:59', '1996-12-04 05:34:30'),
('12', 12, 12, '9', '1988-04-26 19:43:27', '2011-05-12 06:39:51', '1973-01-23 18:00:23', '1974-10-29 18:19:23'),
('13', 13, 13, '4', '1973-02-20 04:40:08', '2009-09-06 21:43:41', '1992-07-03 22:09:43', '1983-03-16 11:07:36'),
('14', 14, 14, '10', '1985-04-18 22:50:49', '1991-04-29 04:43:44', '2021-06-03 03:36:30', '1987-12-03 02:44:14'),
('15', 15, 15, '8', '1971-08-29 10:37:10', '1986-03-18 07:12:50', '1993-08-28 09:50:23', '1978-11-23 00:02:55'),
('16', 16, 16, '7', '2007-04-29 06:16:02', '1988-12-31 00:30:49', '2000-06-26 00:39:01', '1999-11-11 08:32:34'),
('17', 17, 17, '12', '1991-12-05 17:15:46', '2000-09-01 19:26:36', '2016-10-27 07:53:53', '1975-12-07 20:20:44'),
('18', 18, 18, '1', '1980-03-06 15:37:38', '1991-09-07 07:44:19', '2003-04-28 08:01:18', '2001-10-14 20:43:01'),
('19', 19, 19, '5', '1997-10-06 08:50:58', '1996-10-30 07:50:28', '1987-06-06 14:25:37', '1970-10-17 08:21:31'),
('20', 20, 20, '3', '1991-07-22 15:56:07', '1987-10-08 16:14:45', '1999-12-04 20:47:39', '1992-05-19 17:33:32'),
('21', 21, 21, '2', '2002-04-30 07:39:41', '2020-10-20 00:35:31', '2004-11-09 20:18:26', '2012-12-27 09:03:11'),
('22', 22, 22, '6', '1982-10-27 06:45:25', '1976-09-13 06:47:13', '1984-04-26 16:57:45', '1979-05-26 01:01:52'),
('23', 23, 23, '8', '2006-12-27 10:10:20', '1996-10-17 06:11:54', '1985-07-06 11:34:42', '2014-12-29 08:58:15'),
('24', 24, 24, '9', '2004-02-11 11:23:09', '2013-11-04 13:55:51', '1997-09-12 06:22:48', '1984-04-10 20:08:44'),
('25', 25, 25, '1', '1980-12-30 07:40:36', '1993-04-05 05:07:57', '1998-10-07 15:54:28', '2020-05-15 18:43:00'),
('26', 26, 26, '15', '1991-09-08 04:18:51', '2007-06-27 23:55:52', '2015-03-01 06:23:15', '2005-04-14 00:10:45'),
('27', 27, 27, '1', '2004-06-11 23:07:03', '2020-10-05 22:52:15', '1973-09-21 08:15:55', '1984-11-02 15:23:27'),
('28', 28, 28, '12', '2006-08-08 15:24:47', '1991-11-27 12:20:00', '2007-02-11 16:55:59', '1997-10-11 06:37:16'),
('29', 29, 29, '4', '1973-08-22 13:40:27', '1997-11-07 02:32:36', '1975-07-13 01:12:39', '1981-08-11 01:46:21'),
('30', 30, 30, '6', '2018-01-29 21:08:22', '2003-01-26 05:03:02', '2014-02-16 08:59:00', '2004-08-19 04:04:15'),
('31', 31, 31, '5', '2005-05-21 13:13:22', '2010-10-04 05:11:04', '1977-08-02 16:28:11', '2017-02-25 10:51:40'),
('32', 32, 32, '10', '2005-03-14 12:22:45', '1971-04-02 05:10:31', '1991-01-05 00:43:35', '1989-03-22 00:17:42'),
('33', 33, 33, '1', '2014-08-06 05:38:06', '1990-09-25 21:58:44', '2016-08-07 12:32:51', '2021-01-30 13:33:10'),
('34', 34, 34, '10', '2010-07-01 10:59:29', '1970-03-17 11:51:54', '1982-08-11 09:28:45', '2020-06-09 11:39:03'),
('35', 35, 35, '4', '2009-07-13 02:30:09', '1991-06-13 23:15:39', '2015-08-17 08:42:32', '2002-10-27 07:37:03'),
('36', 36, 36, '5', '1973-09-22 16:57:55', '1976-04-07 07:57:57', '1984-05-14 03:57:07', '1986-12-09 07:43:26'),
('37', 37, 37, '4', '1976-09-10 16:54:50', '1973-03-24 13:08:13', '1998-04-20 17:57:00', '2006-10-21 03:26:11'),
('38', 38, 38, '9', '1982-11-19 03:33:03', '2021-03-04 04:17:43', '2016-07-16 06:20:43', '1998-04-24 04:07:48'),
('39', 39, 39, '4', '1984-08-13 11:34:41', '1973-12-04 20:42:04', '1973-04-07 09:38:44', '1991-11-08 06:46:51'),
('40', 40, 40, '1', '1995-10-30 03:43:29', '1996-09-04 06:17:39', '1987-06-06 22:57:57', '1990-06-04 18:43:24'),
('41', 41, 41, '5', '2002-11-07 03:41:49', '1970-01-20 00:35:09', '1987-05-29 01:20:23', '1973-04-15 22:56:15'),
('42', 42, 42, '3', '1978-03-11 09:55:27', '1989-09-11 01:23:36', '1981-05-09 11:19:12', '1975-10-06 13:07:40'),
('43', 43, 43, '3', '1983-06-27 22:43:38', '2013-04-23 02:36:08', '1970-01-31 05:14:44', '2007-08-18 03:34:57'),
('44', 44, 44, '6', '1992-08-18 23:29:18', '2008-10-04 15:47:52', '1982-03-22 22:19:31', '1981-04-24 10:00:11'),
('45', 45, 45, '10', '1991-09-04 11:50:57', '1979-09-24 01:14:33', '1982-08-05 05:45:57', '1998-07-30 19:00:14'),
('46', 46, 46, '8', '2020-10-27 13:47:37', '2015-08-13 02:39:29', '2013-01-22 07:35:59', '1981-01-10 17:05:17'),
('47', 47, 47, '13', '2018-10-09 12:58:40', '2017-04-14 08:25:47', '1973-02-23 07:28:16', '1981-12-02 03:41:14'),
('48', 48, 48, '1', '1986-03-10 19:18:50', '1973-07-26 22:16:15', '1983-04-15 16:29:19', '2017-01-25 15:04:31'),
('49', 49, 49, '4', '1984-09-13 10:35:47', '1989-10-23 13:32:50', '2002-05-07 03:59:39', '1998-12-14 20:59:34'),
('50', 50, 50, '7', '1991-09-14 15:21:03', '2018-01-15 00:43:10', '1981-09-01 08:13:36', '2012-11-17 07:50:08'),
('51', 51, 51, '2', '2006-10-29 06:49:57', '2003-01-30 01:40:40', '2008-05-08 09:39:23', '1994-07-13 06:09:05'),
('52', 52, 52, '8', '2019-01-09 17:30:03', '2005-11-12 21:14:05', '2000-09-21 14:32:22', '2005-09-11 09:30:21'),
('53', 53, 53, '11', '2006-12-04 03:40:10', '2013-08-24 10:00:44', '2003-09-01 17:17:31', '1970-02-19 21:59:29'),
('54', 54, 54, '6', '1995-12-03 23:28:18', '1973-09-02 18:43:16', '1977-05-02 02:52:04', '2020-04-08 01:07:30'),
('55', 55, 55, '14', '2007-11-19 05:02:26', '2019-03-14 06:28:09', '1997-10-09 04:32:48', '2020-03-16 04:07:17'),
('56', 56, 56, '10', '2019-07-13 00:42:47', '2008-04-12 19:47:53', '2021-01-15 06:54:41', '1984-04-27 09:46:18'),
('57', 57, 57, '1', '1978-11-14 18:09:48', '1997-12-27 05:38:57', '1976-05-26 05:47:24', '1995-06-28 23:10:02'),
('58', 58, 58, '14', '2012-07-02 05:26:47', '1982-07-02 21:57:07', '2007-11-25 13:17:47', '2001-09-11 10:24:18'),
('59', 59, 59, '6', '1973-01-24 18:04:27', '1975-03-14 16:24:41', '1974-10-25 18:54:22', '1982-03-27 22:26:46'),
('60', 60, 60, '12', '1996-01-08 05:12:06', '2002-12-28 17:04:45', '2016-07-10 08:18:49', '1988-05-19 15:56:28'),
('61', 61, 61, '13', '1996-08-31 20:50:07', '1972-10-11 02:17:23', '2013-02-02 22:07:29', '1988-05-09 09:18:12'),
('62', 62, 62, '11', '2013-11-14 20:22:25', '1973-02-17 03:27:50', '2007-04-07 09:35:38', '1978-01-10 05:07:35'),
('63', 63, 63, '9', '2006-07-11 18:00:26', '2013-04-04 05:22:00', '1972-10-15 13:20:24', '1972-10-13 17:00:20'),
('64', 64, 64, '9', '1976-04-04 07:50:35', '2011-01-02 01:34:58', '2000-03-12 01:28:51', '1987-10-04 10:15:54'),
('65', 65, 65, '3', '2000-03-06 15:55:30', '1985-08-23 03:41:14', '2017-07-12 15:53:38', '1985-06-28 07:10:45'),
('66', 66, 66, '13', '1972-11-16 17:38:18', '1982-03-03 01:57:28', '1991-10-20 11:24:23', '2009-06-08 18:38:28'),
('67', 67, 67, '1', '1973-12-31 07:07:48', '2011-10-11 07:50:03', '1988-10-09 17:08:12', '2012-02-06 20:59:12'),
('68', 68, 68, '12', '2015-08-13 17:59:35', '2001-01-22 02:23:22', '1979-07-07 22:28:59', '1988-12-13 14:06:11'),
('69', 69, 69, '5', '1983-12-28 05:04:08', '2015-04-04 00:44:26', '1972-10-01 10:06:22', '1994-02-25 10:13:29'),
('70', 70, 70, '13', '2010-02-09 16:34:30', '2002-06-14 21:54:14', '1982-09-30 21:15:37', '1971-10-12 01:27:51'),
('71', 71, 71, '12', '2013-01-06 19:31:21', '2018-01-14 05:06:13', '2003-07-02 18:29:54', '1971-07-24 18:18:37'),
('72', 72, 72, '9', '2006-07-18 08:01:53', '2002-05-31 14:45:34', '1973-02-24 01:50:08', '1990-02-18 19:01:35'),
('73', 73, 73, '14', '1998-03-02 18:50:11', '1982-02-10 15:54:34', '1993-06-14 08:17:52', '1992-08-14 03:11:02'),
('74', 74, 74, '14', '1970-05-22 03:35:59', '1995-04-24 14:30:44', '2003-08-02 18:48:30', '1996-05-16 07:18:08'),
('75', 75, 75, '9', '2013-07-18 15:47:15', '1981-09-05 08:33:48', '1980-04-06 10:26:24', '1979-06-29 02:02:45'),
('76', 76, 76, '11', '2020-06-28 22:56:30', '2020-07-23 06:42:56', '2017-06-19 04:08:27', '2007-06-29 15:27:28'),
('77', 77, 77, '1', '1983-12-08 12:40:19', '1970-01-05 11:19:06', '1993-12-30 21:41:53', '2018-03-10 23:19:05'),
('78', 78, 78, '7', '1999-10-15 15:02:49', '1984-09-24 18:04:02', '2002-10-29 16:41:13', '1978-03-12 12:00:00'),
('79', 79, 79, '13', '2006-06-24 08:13:11', '2021-02-13 07:54:32', '1993-11-29 06:33:00', '1983-12-01 03:07:05'),
('80', 80, 80, '10', '1995-09-08 15:37:39', '1973-07-16 12:38:48', '1984-10-19 04:04:01', '1999-08-22 09:04:24'),
('81', 81, 81, '2', '1971-08-09 15:38:29', '2015-02-17 16:18:18', '2010-07-06 15:19:41', '2004-11-16 17:46:21'),
('82', 82, 82, '11', '2018-11-18 05:57:54', '2016-11-30 07:41:18', '2012-07-20 00:34:18', '1970-03-11 00:53:53'),
('83', 83, 83, '7', '2019-01-29 10:26:50', '2003-07-15 03:50:00', '1973-11-24 07:17:10', '2014-07-14 09:41:56'),
('84', 84, 84, '3', '1974-11-16 20:07:05', '1971-03-15 03:15:16', '1987-06-09 04:31:58', '1987-06-27 01:47:33'),
('85', 85, 85, '5', '1980-09-09 21:48:32', '1989-08-30 09:56:33', '2013-01-17 07:11:05', '1970-03-20 00:24:26'),
('86', 86, 86, '3', '2008-08-21 11:55:35', '2005-09-25 15:44:01', '1991-09-30 02:45:02', '1982-09-25 21:50:55'),
('87', 87, 87, '9', '2020-09-14 16:36:53', '1983-07-22 00:18:04', '1982-07-13 08:40:09', '1978-01-05 22:17:22'),
('88', 88, 88, '13', '2019-03-10 00:31:12', '1989-03-14 21:51:42', '1994-11-13 03:48:44', '1981-11-19 14:06:06'),
('89', 89, 89, '15', '1996-08-15 10:11:21', '1975-01-31 01:02:05', '2014-07-28 20:20:11', '1976-11-17 04:14:51'),
('90', 90, 90, '13', '1977-05-06 05:15:29', '2006-04-10 07:41:08', '1973-01-05 10:31:31', '1987-12-07 23:48:13'),
('91', 91, 91, '15', '1976-01-08 20:05:57', '1990-08-17 16:44:01', '2007-06-20 19:30:17', '1987-04-21 07:57:59'),
('92', 92, 92, '4', '1978-04-17 04:06:29', '2014-01-18 10:09:59', '2006-02-10 22:10:13', '1994-01-07 02:51:58'),
('93', 93, 93, '5', '1972-12-11 23:42:17', '2009-10-02 10:31:40', '1995-04-19 04:27:09', '1996-10-16 08:57:33'),
('94', 94, 94, '13', '1994-03-18 23:44:36', '1985-12-04 08:36:49', '1983-02-17 15:54:34', '2015-12-06 17:39:07'),
('95', 95, 95, '7', '1981-07-19 15:16:17', '2018-06-04 18:04:27', '1975-08-10 16:10:30', '2004-02-22 14:10:53'),
('96', 96, 96, '5', '2010-02-14 20:02:05', '1976-09-02 16:14:32', '1973-07-14 16:45:54', '2007-04-28 05:01:30'),
('97', 97, 97, '13', '1975-05-16 23:20:57', '1987-07-11 01:40:30', '1992-09-13 08:55:35', '2015-09-14 01:19:39'),
('98', 98, 98, '11', '2019-01-13 20:18:49', '1990-11-18 21:46:08', '2011-08-21 11:06:52', '2002-04-04 14:07:15'),
('99', 99, 99, '9', '1989-09-21 22:56:01', '2015-06-11 18:58:54', '2008-10-18 21:42:01', '1980-08-31 07:30:23'),
('100', 100, 100, '10', '1973-05-02 23:37:39', '1990-02-13 13:18:16', '1981-10-31 05:12:30', '1989-09-11 21:51:45');
